Modelo,Instância,Classe,Precisão,Recall,F1-Score,Suporte,Vértices Classe 2
RandomForest,SOM-a_24_n100_m10_caracteristicas,1,0.91,0.91,0.91,90.00,
RandomForest,SOM-a_24_n100_m10_caracteristicas,2,0.20,0.20,0.20,10.00,"[2, 13, 16, 26, 37, 45, 46, 47, 70, 88]"
RandomForest,SOM-a_25_n100_m10_caracteristicas,1,0.89,0.89,0.89,90.00,
RandomForest,SOM-a_25_n100_m10_caracteristicas,2,0.00,0.00,0.00,10.00,"[2, 9, 24, 29, 36, 37, 39, 43, 56, 68]"
RandomForest,SOM-a_26_n100_m30_caracteristicas,1,0.73,0.73,0.73,70.00,
RandomForest,SOM-a_26_n100_m30_caracteristicas,2,0.37,0.37,0.37,30.00,"[2, 3, 7, 9, 10, 11, 12, 14, 16, 18, 19, 20, 32, 33, 36, 39, 40, 41, 44, 47, 48, 50, 52, 65, 71, 77, 79, 84, 91, 94]"
RandomForest,SOM-a_27_n100_m30_caracteristicas,1,0.67,0.67,0.67,70.00,
RandomForest,SOM-a_27_n100_m30_caracteristicas,2,0.23,0.23,0.23,30.00,"[1, 4, 5, 6, 9, 13, 19, 25, 29, 30, 32, 33, 35, 36, 37, 38, 44, 45, 48, 51, 53, 54, 56, 69, 76, 82, 85, 88, 97, 98]"
RandomForest,SOM-a_28_n100_m30_caracteristicas,1,0.73,0.73,0.73,70.00,
RandomForest,SOM-a_28_n100_m30_caracteristicas,2,0.37,0.37,0.37,30.00,"[0, 1, 3, 6, 9, 13, 15, 16, 18, 26, 27, 33, 34, 36, 37, 38, 39, 42, 44, 45, 47, 48, 64, 70, 73, 76, 83, 86, 95, 99]"
RandomForest,SOM-a_29_n100_m30_caracteristicas,1,0.74,0.74,0.74,70.00,
RandomForest,SOM-a_29_n100_m30_caracteristicas,2,0.40,0.40,0.40,30.00,"[0, 4, 8, 14, 21, 22, 24, 27, 31, 33, 34, 36, 38, 40, 41, 43, 44, 46, 47, 48, 50, 59, 67, 74, 78, 81, 82, 84, 89, 92]"
RandomForest,SOM-a_2_n25_m2_caracteristicas,1,0.91,0.91,0.91,23.00,
RandomForest,SOM-a_2_n25_m2_caracteristicas,2,0.00,0.00,0.00,2.00,"[5, 10]"
RandomForest,SOM-a_30_n100_m30_caracteristicas,1,0.76,0.76,0.76,70.00,
RandomForest,SOM-a_30_n100_m30_caracteristicas,2,0.43,0.43,0.43,30.00,"[1, 2, 3, 4, 6, 9, 10, 11, 12, 16, 19, 22, 23, 30, 31, 32, 34, 35, 39, 43, 47, 51, 52, 55, 65, 80, 89, 91, 95, 99]"
RandomForest,SOM-a_31_n125_m12_caracteristicas,1,0.92,0.92,0.92,113.00,
RandomForest,SOM-a_31_n125_m12_caracteristicas,2,0.25,0.25,0.25,12.00,"[7, 8, 25, 29, 34, 38, 41, 42, 43, 72, 74, 92]"
RandomForest,SOM-a_32_n125_m12_caracteristicas,1,0.90,0.90,0.90,113.00,
RandomForest,SOM-a_32_n125_m12_caracteristicas,2,0.08,0.08,0.08,12.00,"[4, 10, 12, 16, 17, 29, 36, 38, 40, 46, 47, 97]"
RandomForest,SOM-a_33_n125_m12_caracteristicas,1,0.90,0.90,0.90,113.00,
RandomForest,SOM-a_33_n125_m12_caracteristicas,2,0.08,0.08,0.08,12.00,"[11, 12, 28, 32, 41, 45, 48, 50, 59, 73, 90, 93]"
RandomForest,SOM-a_34_n125_m12_caracteristicas,1,0.91,0.91,0.91,113.00,
RandomForest,SOM-a_34_n125_m12_caracteristicas,2,0.17,0.17,0.17,12.00,"[0, 3, 4, 7, 13, 14, 26, 37, 46, 48, 56, 90]"
RandomForest,SOM-a_35_n125_m12_caracteristicas,1,0.89,0.89,0.89,113.00,
RandomForest,SOM-a_35_n125_m12_caracteristicas,2,0.00,0.00,0.00,12.00,"[0, 2, 3, 4, 28, 30, 34, 37, 39, 41, 46, 69]"
RandomForest,SOM-a_36_n125_m37_caracteristicas,1,0.76,0.76,0.76,88.00,
RandomForest,SOM-a_36_n125_m37_caracteristicas,2,0.43,0.43,0.43,37.00,"[1, 2, 4, 6, 7, 8, 10, 15, 16, 20, 21, 22, 25, 26, 30, 32, 33, 35, 36, 37, 38, 40, 41, 43, 46, 47, 48, 51, 53, 65, 71, 77, 82, 84, 89, 92, 97]"
RandomForest,SOM-a_37_n125_m37_caracteristicas,1,0.78,0.78,0.78,88.00,
RandomForest,SOM-a_37_n125_m37_caracteristicas,2,0.49,0.49,0.49,37.00,"[1, 2, 4, 6, 7, 8, 11, 15, 21, 23, 27, 28, 30, 31, 35, 36, 39, 42, 44, 51, 54, 62, 64, 65, 66, 69, 71, 73, 74, 75, 76, 78, 83, 85, 89, 98, 99]"
RandomForest,SOM-a_38_n125_m37_caracteristicas,1,0.74,0.74,0.74,88.00,
RandomForest,SOM-a_38_n125_m37_caracteristicas,2,0.38,0.38,0.38,37.00,"[0, 2, 3, 5, 6, 7, 9, 10, 11, 12, 13, 15, 17, 19, 20, 21, 24, 26, 30, 36, 37, 40, 41, 42, 51, 54, 58, 62, 64, 68, 71, 78, 79, 89, 93, 94, 99]"
RandomForest,SOM-a_39_n125_m37_caracteristicas,1,0.76,0.76,0.76,88.00,
RandomForest,SOM-a_39_n125_m37_caracteristicas,2,0.43,0.43,0.43,37.00,"[0, 1, 2, 3, 4, 6, 7, 9, 11, 12, 14, 15, 18, 20, 21, 23, 24, 25, 28, 29, 32, 36, 38, 42, 45, 50, 51, 52, 58, 60, 64, 66, 75, 78, 79, 82, 87]"
RandomForest,SOM-a_3_n25_m2_caracteristicas,1,0.96,0.96,0.96,23.00,
RandomForest,SOM-a_3_n25_m2_caracteristicas,2,0.50,0.50,0.50,2.00,"[7, 15]"
RandomForest,SOM-a_40_n125_m37_caracteristicas,1,0.74,0.74,0.74,88.00,
RandomForest,SOM-a_40_n125_m37_caracteristicas,2,0.38,0.38,0.38,37.00,"[0, 7, 9, 10, 12, 20, 21, 23, 24, 26, 27, 29, 30, 31, 32, 34, 36, 37, 38, 39, 41, 42, 43, 44, 47, 48, 53, 57, 60, 65, 66, 71, 76, 78, 79, 84, 92]"
RandomForest,SOM-a_41_n150_m15_caracteristicas,1,0.91,0.91,0.91,135.00,
RandomForest,SOM-a_41_n150_m15_caracteristicas,2,0.20,0.20,0.20,15.00,"[1, 2, 5, 17, 21, 26, 28, 29, 39, 40, 46, 65, 66, 70, 71]"
RandomForest,SOM-a_42_n150_m15_caracteristicas,1,0.89,0.89,0.89,135.00,
RandomForest,SOM-a_42_n150_m15_caracteristicas,2,0.00,0.00,0.00,15.00,"[0, 10, 22, 25, 28, 29, 31, 32, 42, 47, 49, 63, 65, 80, 81]"
RandomForest,SOM-a_43_n150_m15_caracteristicas,1,0.90,0.90,0.90,135.00,
RandomForest,SOM-a_43_n150_m15_caracteristicas,2,0.07,0.07,0.07,15.00,"[0, 2, 13, 17, 29, 31, 35, 37, 38, 44, 46, 49, 55, 74, 96]"
RandomForest,SOM-a_44_n150_m15_caracteristicas,1,0.90,0.90,0.90,135.00,
RandomForest,SOM-a_44_n150_m15_caracteristicas,2,0.07,0.07,0.07,15.00,"[1, 2, 5, 6, 12, 28, 29, 33, 34, 40, 42, 48, 49, 78, 82]"
RandomForest,SOM-a_45_n150_m15_caracteristicas,1,0.89,0.89,0.89,135.00,
RandomForest,SOM-a_45_n150_m15_caracteristicas,2,0.00,0.00,0.00,15.00,"[3, 4, 11, 13, 20, 26, 27, 28, 31, 33, 35, 42, 47, 73, 87]"
RandomForest,SOM-a_46_n150_m45_caracteristicas,1,0.81,0.81,0.81,105.00,
RandomForest,SOM-a_46_n150_m45_caracteristicas,2,0.56,0.56,0.56,45.00,"[0, 1, 4, 5, 8, 10, 14, 15, 16, 19, 20, 21, 23, 24, 25, 26, 27, 28, 29, 30, 32, 33, 36, 37, 38, 41, 42, 43, 44, 46, 49, 50, 51, 52, 54, 66, 69, 71, 74, 75, 76, 80, 85, 90, 97]"
RandomForest,SOM-a_47_n150_m45_caracteristicas,1,0.74,0.74,0.74,105.00,
RandomForest,SOM-a_47_n150_m45_caracteristicas,2,0.40,0.40,0.40,45.00,"[0, 1, 2, 3, 4, 5, 6, 7, 13, 15, 16, 17, 18, 21, 22, 23, 24, 26, 28, 29, 30, 31, 34, 36, 37, 40, 44, 46, 48, 49, 51, 54, 60, 62, 70, 71, 77, 79, 83, 89, 90, 92, 96, 97, 134]"
RandomForest,SOM-a_48_n150_m45_caracteristicas,1,0.72,0.72,0.72,105.00,
RandomForest,SOM-a_48_n150_m45_caracteristicas,2,0.36,0.36,0.36,45.00,"[0, 1, 2, 3, 4, 5, 6, 7, 8, 10, 11, 14, 15, 16, 19, 22, 26, 27, 29, 30, 31, 32, 33, 34, 38, 39, 40, 42, 43, 44, 45, 46, 47, 48, 50, 53, 54, 69, 80, 82, 85, 87, 99, 140, 141]"
RandomForest,SOM-a_49_n150_m45_caracteristicas,1,0.70,0.70,0.70,105.00,
RandomForest,SOM-a_49_n150_m45_caracteristicas,2,0.29,0.29,0.29,45.00,"[0, 1, 2, 3, 5, 6, 8, 9, 10, 13, 14, 17, 19, 20, 23, 26, 27, 30, 31, 32, 33, 34, 39, 40, 41, 44, 46, 47, 50, 52, 61, 63, 66, 70, 72, 74, 75, 78, 83, 85, 86, 87, 89, 91, 141]"
RandomForest,SOM-a_4_n25_m2_caracteristicas,1,0.91,0.91,0.91,23.00,
RandomForest,SOM-a_4_n25_m2_caracteristicas,2,0.00,0.00,0.00,2.00,"[6, 7]"
RandomForest,SOM-a_50_n150_m45_caracteristicas,1,0.75,0.75,0.75,105.00,
RandomForest,SOM-a_50_n150_m45_caracteristicas,2,0.42,0.42,0.42,45.00,"[0, 2, 4, 5, 10, 11, 12, 16, 18, 21, 22, 23, 25, 26, 27, 28, 33, 34, 35, 36, 37, 39, 40, 41, 44, 48, 49, 50, 52, 53, 60, 66, 67, 72, 74, 77, 78, 79, 84, 89, 91, 92, 93, 95, 96]"
RandomForest,SOM-a_5_n25_m2_caracteristicas,1,0.91,0.91,0.91,23.00,
RandomForest,SOM-a_5_n25_m2_caracteristicas,2,0.00,0.00,0.00,2.00,"[5, 23]"
RandomForest,SOM-a_6_n25_m7_caracteristicas,1,0.67,0.67,0.67,18.00,
RandomForest,SOM-a_6_n25_m7_caracteristicas,2,0.14,0.14,0.14,7.00,"[1, 4, 11, 15, 19, 20, 23]"
RandomForest,SOM-a_7_n25_m7_caracteristicas,1,0.78,0.78,0.78,18.00,
RandomForest,SOM-a_7_n25_m7_caracteristicas,2,0.43,0.43,0.43,7.00,"[2, 9, 10, 18, 19, 23, 24]"
RandomForest,SOM-a_8_n25_m7_caracteristicas,1,0.67,0.67,0.67,18.00,
RandomForest,SOM-a_8_n25_m7_caracteristicas,2,0.14,0.14,0.14,7.00,"[1, 6, 10, 11, 18, 20, 22]"
RandomForest,SOM-a_9_n25_m7_caracteristicas,1,0.72,0.72,0.72,18.00,
RandomForest,SOM-a_9_n25_m7_caracteristicas,2,0.29,0.29,0.29,7.00,"[5, 6, 7, 9, 10, 14, 23]"
RandomForest,SOM-b_10_n300_m60_caracteristicas,1,0.80,0.80,0.80,240.00,
RandomForest,SOM-b_10_n300_m60_caracteristicas,2,0.20,0.20,0.20,60.00,"[0, 2, 3, 4, 5, 6, 8, 9, 10, 11, 12, 13, 15, 16, 17, 18, 19, 20, 21, 23, 24, 26, 27, 28, 30, 31, 32, 33, 34, 35, 38, 39, 40, 41, 42, 43, 44, 45, 46, 47, 48, 49, 50, 51, 52, 55, 56, 74, 75, 76, 77, 79, 80, 86, 88, 89, 94, 95, 97, 289]"
RandomForest,SOM-b_11_n300_m90_caracteristicas,1,0.73,0.73,0.73,210.00,
RandomForest,SOM-b_11_n300_m90_caracteristicas,2,0.38,0.38,0.38,90.00,"[0, 1, 4, 5, 6, 7, 8, 9, 10, 11, 12, 13, 14, 15, 16, 17, 18, 19, 20, 21, 22, 23, 25, 26, 27, 28, 29, 31, 32, 33, 34, 36, 37, 38, 39, 40, 42, 43, 44, 46, 47, 48, 49, 50, 51, 52, 53, 54, 56, 57, 58, 59, 60, 61, 62, 63, 64, 65, 66, 72, 75, 79, 80, 81, 82, 84, 85, 86, 92, 96, 99, 101, 123, 158, 169, 170, 173, 177, 178, 180, 182, 191, 192, 193, 197, 209, 235, 236, 269, 298]"
RandomForest,SOM-b_12_n300_m120_caracteristicas,1,0.61,0.61,0.61,180.00,
RandomForest,SOM-b_12_n300_m120_caracteristicas,2,0.42,0.42,0.42,120.00,"[0, 1, 2, 3, 4, 5, 6, 7, 8, 9, 10, 11, 12, 13, 14, 15, 16, 17, 18, 19, 20, 21, 22, 24, 25, 26, 27, 28, 29, 30, 31, 32, 33, 34, 35, 36, 37, 39, 40, 41, 42, 43, 44, 45, 46, 47, 48, 49, 50, 51, 52, 53, 54, 55, 56, 58, 59, 61, 62, 63, 64, 65, 66, 70, 71, 72, 73, 74, 75, 76, 78, 79, 81, 83, 86, 88, 90, 93, 96, 97, 98, 99, 100, 102, 103, 106, 108, 115, 121, 122, 124, 126, 141, 155, 159, 162, 168, 171, 172, 173, 174, 175, 179, 180, 183, 188, 194, 196, 198, 208, 216, 230, 236, 237, 238, 270, 271, 283, 289, 296]"
RandomForest,SOM-b_13_n400_m40_caracteristicas,1,0.91,0.91,0.91,360.00,
RandomForest,SOM-b_13_n400_m40_caracteristicas,2,0.17,0.17,0.17,40.00,"[0, 1, 3, 4, 5, 6, 8, 11, 12, 13, 18, 20, 22, 24, 27, 30, 32, 33, 35, 36, 37, 38, 39, 41, 42, 43, 46, 47, 49, 51, 67, 70, 78, 79, 81, 84, 92, 94, 97, 152]"
RandomForest,SOM-b_14_n400_m80_caracteristicas,1,0.83,0.83,0.83,320.00,
RandomForest,SOM-b_14_n400_m80_caracteristicas,2,0.33,0.33,0.33,80.00,"[0, 1, 2, 3, 4, 5, 6, 7, 8, 9, 10, 11, 12, 13, 14, 15, 16, 17, 18, 19, 21, 22, 23, 24, 25, 26, 27, 28, 29, 30, 31, 32, 33, 35, 37, 38, 39, 40, 41, 42, 43, 44, 45, 46, 48, 49, 50, 51, 52, 53, 54, 55, 57, 58, 59, 60, 61, 62, 63, 64, 68, 70, 72, 77, 79, 81, 85, 87, 89, 90, 92, 93, 94, 98, 166, 171, 320, 354, 379, 382]"
RandomForest,SOM-b_15_n400_m120_caracteristicas,1,0.73,0.73,0.73,280.00,
RandomForest,SOM-b_15_n400_m120_caracteristicas,2,0.38,0.38,0.38,120.00,"[0, 1, 2, 3, 4, 5, 6, 8, 9, 10, 11, 12, 13, 14, 15, 16, 17, 18, 19, 20, 21, 22, 23, 24, 25, 27, 28, 29, 30, 31, 32, 33, 34, 35, 36, 37, 38, 39, 40, 41, 42, 43, 44, 45, 46, 47, 48, 49, 50, 51, 52, 53, 54, 55, 56, 57, 58, 59, 60, 61, 63, 64, 68, 69, 70, 71, 73, 74, 75, 76, 77, 78, 79, 80, 81, 82, 90, 95, 98, 100, 105, 119, 120, 121, 150, 161, 163, 164, 167, 170, 173, 176, 179, 180, 181, 183, 184, 186, 187, 191, 192, 194, 196, 197, 199, 214, 219, 235, 253, 283, 296, 301, 323, 327, 351, 369, 377, 392, 395, 398]"
RandomForest,SOM-b_16_n400_m160_caracteristicas,1,0.65,0.65,0.65,240.00,
RandomForest,SOM-b_16_n400_m160_caracteristicas,2,0.48,0.48,0.48,160.00,"[0, 1, 2, 3, 4, 5, 6, 7, 8, 9, 10, 11, 12, 13, 15, 17, 18, 19, 20, 21, 22, 23, 24, 25, 26, 27, 28, 29, 30, 31, 32, 33, 34, 35, 36, 37, 38, 39, 40, 42, 43, 44, 45, 46, 47, 48, 49, 50, 51, 52, 53, 54, 55, 57, 58, 59, 60, 61, 63, 64, 65, 67, 68, 69, 70, 71, 72, 73, 74, 75, 79, 81, 82, 84, 86, 88, 90, 92, 96, 97, 98, 99, 101, 102, 103, 106, 108, 113, 116, 118, 126, 127, 132, 167, 170, 172, 176, 177, 181, 183, 185, 186, 187, 188, 189, 190, 193, 194, 196, 197, 208, 211, 215, 219, 224, 229, 239, 252, 259, 262, 263, 268, 270, 271, 272, 273, 278, 281, 283, 285, 289, 297, 303, 305, 306, 307, 314, 315, 317, 320, 322, 327, 333, 338, 340, 342, 344, 346, 347, 350, 352, 366, 375, 383, 385, 386, 392, 396, 398, 399]"
RandomForest,SOM-b_17_n500_m50_caracteristicas,1,0.91,0.91,0.91,450.00,
RandomForest,SOM-b_17_n500_m50_caracteristicas,2,0.20,0.20,0.20,50.00,"[0, 1, 2, 3, 4, 5, 6, 8, 9, 12, 13, 14, 18, 22, 23, 24, 26, 27, 28, 29, 30, 31, 32, 33, 34, 35, 37, 40, 42, 43, 44, 45, 46, 47, 48, 49, 50, 51, 52, 53, 68, 76, 79, 81, 83, 85, 88, 91, 92, 97]"
RandomForest,SOM-b_18_n500_m100_caracteristicas,1,0.82,0.82,0.82,400.00,
RandomForest,SOM-b_18_n500_m100_caracteristicas,2,0.27,0.27,0.27,100.00,"[0, 1, 2, 3, 4, 5, 6, 7, 8, 9, 10, 12, 13, 14, 15, 17, 18, 19, 20, 22, 23, 24, 25, 26, 27, 28, 29, 30, 31, 32, 33, 34, 35, 36, 37, 38, 39, 40, 41, 42, 43, 44, 45, 46, 47, 48, 49, 50, 51, 52, 53, 54, 55, 56, 57, 58, 60, 61, 64, 65, 66, 67, 68, 70, 71, 72, 73, 74, 76, 79, 80, 81, 82, 83, 85, 86, 87, 89, 90, 97, 98, 99, 101, 102, 105, 112, 131, 163, 173, 180, 181, 185, 229, 266, 306, 309, 320, 323, 348, 497]"
RandomForest,SOM-b_19_n500_m150_caracteristicas,1,0.73,0.73,0.73,350.00,
RandomForest,SOM-b_19_n500_m150_caracteristicas,2,0.37,0.37,0.37,150.00,"[0, 1, 2, 3, 4, 5, 6, 7, 8, 9, 10, 11, 12, 13, 14, 15, 16, 17, 18, 19, 20, 21, 22, 23, 24, 25, 26, 27, 28, 29, 30, 31, 32, 33, 34, 35, 36, 37, 38, 39, 40, 41, 42, 43, 44, 45, 46, 47, 48, 49, 51, 52, 53, 54, 55, 56, 57, 58, 59, 60, 61, 62, 64, 65, 66, 67, 68, 69, 70, 72, 73, 74, 75, 76, 77, 79, 80, 81, 82, 84, 85, 88, 90, 91, 92, 93, 94, 95, 96, 97, 98, 99, 100, 101, 104, 109, 116, 122, 139, 165, 166, 167, 173, 174, 175, 177, 179, 181, 183, 184, 186, 188, 189, 195, 202, 206, 250, 252, 254, 269, 272, 275, 280, 281, 286, 290, 291, 294, 302, 303, 314, 341, 345, 348, 365, 367, 383, 386, 411, 413, 415, 416, 417, 419, 420, 421, 423, 493, 495, 499]"
RandomForest,SOM-b_1_n100_m10_caracteristicas,1,0.89,0.89,0.89,90.00,
RandomForest,SOM-b_1_n100_m10_caracteristicas,2,0.00,0.00,0.00,10.00,"[3, 5, 7, 12, 22, 36, 44, 45, 56, 71]"
RandomForest,SOM-b_20_n500_m200_caracteristicas,1,0.61,0.61,0.61,300.00,
RandomForest,SOM-b_20_n500_m200_caracteristicas,2,0.42,0.42,0.42,200.00,"[0, 1, 2, 3, 4, 5, 6, 7, 8, 9, 10, 11, 12, 13, 14, 15, 16, 17, 18, 19, 20, 21, 22, 23, 24, 25, 26, 27, 28, 29, 30, 31, 32, 33, 34, 35, 36, 37, 38, 39, 40, 41, 42, 43, 44, 45, 46, 47, 48, 49, 50, 51, 52, 53, 54, 55, 56, 58, 59, 60, 61, 62, 63, 64, 65, 66, 67, 68, 69, 70, 72, 73, 74, 77, 79, 81, 82, 86, 88, 91, 92, 93, 94, 95, 96, 97, 99, 102, 103, 104, 105, 107, 109, 110, 111, 114, 115, 120, 122, 128, 130, 134, 136, 138, 142, 144, 145, 151, 154, 156, 165, 167, 169, 172, 177, 178, 180, 181, 182, 183, 185, 186, 188, 191, 193, 197, 201, 202, 226, 229, 232, 249, 251, 267, 268, 270, 273, 275, 278, 280, 283, 285, 287, 295, 303, 304, 305, 308, 312, 314, 318, 319, 320, 321, 327, 328, 329, 330, 332, 338, 339, 340, 344, 345, 347, 348, 349, 350, 360, 368, 370, 379, 382, 386, 399, 400, 405, 406, 407, 412, 413, 414, 416, 418, 419, 420, 421, 422, 423, 424, 425, 426, 428, 429, 431, 434, 435, 438, 439, 497]"
RandomForest,SOM-b_2_n100_m20_caracteristicas,1,0.80,0.80,0.80,80.00,
RandomForest,SOM-b_2_n100_m20_caracteristicas,2,0.20,0.20,0.20,20.00,"[1, 3, 8, 13, 14, 16, 18, 22, 28, 29, 31, 35, 39, 42, 43, 47, 49, 51, 73, 77]"
RandomForest,SOM-b_3_n100_m30_caracteristicas,1,0.76,0.76,0.76,70.00,
RandomForest,SOM-b_3_n100_m30_caracteristicas,2,0.43,0.43,0.43,30.00,"[0, 4, 6, 7, 11, 15, 17, 18, 20, 21, 29, 30, 31, 34, 35, 36, 37, 38, 41, 42, 45, 47, 48, 55, 58, 66, 71, 79, 93, 98]"
RandomForest,SOM-b_4_n100_m40_caracteristicas,1,0.67,0.67,0.67,60.00,
RandomForest,SOM-b_4_n100_m40_caracteristicas,2,0.50,0.50,0.50,40.00,"[0, 1, 3, 4, 5, 6, 9, 11, 12, 13, 14, 15, 19, 25, 26, 28, 30, 31, 36, 38, 39, 43, 44, 45, 48, 50, 51, 54, 56, 63, 66, 68, 69, 71, 76, 78, 84, 90, 91, 93]"
RandomForest,SOM-b_5_n200_m20_caracteristicas,1,0.91,0.91,0.91,180.00,
RandomForest,SOM-b_5_n200_m20_caracteristicas,2,0.20,0.20,0.20,20.00,"[0, 2, 9, 24, 27, 28, 37, 39, 42, 43, 45, 46, 62, 64, 66, 74, 78, 81, 85, 88]"
RandomForest,SOM-b_6_n200_m40_caracteristicas,1,0.81,0.81,0.81,160.00,
RandomForest,SOM-b_6_n200_m40_caracteristicas,2,0.25,0.25,0.25,40.00,"[0, 2, 6, 7, 8, 9, 10, 11, 19, 24, 25, 26, 27, 29, 30, 31, 32, 34, 35, 36, 38, 39, 40, 42, 43, 45, 46, 50, 52, 58, 63, 69, 73, 76, 77, 80, 89, 96, 97, 99]"
RandomForest,SOM-b_7_n200_m60_caracteristicas,1,0.71,0.71,0.71,140.00,
RandomForest,SOM-b_7_n200_m60_caracteristicas,2,0.33,0.33,0.33,60.00,"[0, 1, 2, 3, 4, 5, 6, 7, 10, 11, 13, 14, 16, 17, 18, 19, 21, 22, 24, 26, 27, 29, 30, 31, 32, 34, 35, 36, 37, 38, 39, 42, 43, 44, 45, 46, 47, 48, 49, 50, 51, 53, 57, 59, 62, 63, 65, 66, 67, 72, 79, 81, 82, 84, 88, 91, 107, 111, 113, 186]"
RandomForest,SOM-b_8_n200_m80_caracteristicas,1,0.68,0.68,0.68,120.00,
RandomForest,SOM-b_8_n200_m80_caracteristicas,2,0.53,0.53,0.53,80.00,"[0, 1, 2, 3, 4, 5, 6, 7, 9, 10, 11, 13, 14, 15, 16, 17, 19, 20, 21, 22, 23, 24, 25, 26, 27, 28, 30, 31, 33, 34, 35, 36, 37, 38, 39, 40, 41, 42, 44, 45, 46, 47, 49, 50, 51, 52, 53, 54, 55, 56, 57, 59, 63, 66, 67, 69, 70, 71, 72, 75, 79, 84, 87, 88, 90, 92, 94, 96, 100, 102, 106, 109, 114, 123, 137, 156, 164, 173, 175, 177]"
RandomForest,SOM-b_9_n300_m30_caracteristicas,1,0.89,0.89,0.89,270.00,
RandomForest,SOM-b_9_n300_m30_caracteristicas,2,0.03,0.03,0.03,30.00,"[1, 2, 4, 9, 11, 12, 13, 15, 19, 25, 27, 29, 33, 35, 38, 39, 40, 42, 45, 46, 47, 48, 52, 75, 80, 86, 88, 89, 92, 95]"
LogisticRegression,SOM-a_24_n100_m10_caracteristicas,1,0.92,0.92,0.92,90.00,
LogisticRegression,SOM-a_24_n100_m10_caracteristicas,2,0.30,0.30,0.30,10.00,"[3, 4, 9, 13, 26, 41, 70, 76, 83, 91]"
LogisticRegression,SOM-a_25_n100_m10_caracteristicas,1,0.90,0.90,0.90,90.00,
LogisticRegression,SOM-a_25_n100_m10_caracteristicas,2,0.10,0.10,0.10,10.00,"[1, 4, 17, 27, 37, 45, 46, 65, 72, 73]"
LogisticRegression,SOM-a_26_n100_m30_caracteristicas,1,0.86,0.86,0.86,70.00,
LogisticRegression,SOM-a_26_n100_m30_caracteristicas,2,0.67,0.67,0.67,30.00,"[0, 10, 11, 14, 16, 19, 24, 25, 36, 37, 45, 46, 48, 50, 52, 55, 56, 58, 61, 65, 68, 71, 75, 76, 77, 79, 83, 86, 91, 98]"
LogisticRegression,SOM-a_27_n100_m30_caracteristicas,1,0.81,0.81,0.81,70.00,
LogisticRegression,SOM-a_27_n100_m30_caracteristicas,2,0.57,0.57,0.57,30.00,"[5, 6, 9, 13, 15, 17, 22, 23, 29, 30, 31, 36, 40, 43, 44, 48, 49, 51, 54, 56, 69, 73, 79, 82, 84, 89, 91, 95, 97, 99]"
LogisticRegression,SOM-a_28_n100_m30_caracteristicas,1,0.81,0.81,0.81,70.00,
LogisticRegression,SOM-a_28_n100_m30_caracteristicas,2,0.57,0.57,0.57,30.00,"[4, 6, 9, 11, 15, 16, 23, 27, 29, 33, 34, 36, 37, 41, 47, 56, 64, 65, 66, 70, 73, 75, 76, 82, 83, 86, 88, 91, 92, 95]"
LogisticRegression,SOM-a_29_n100_m30_caracteristicas,1,0.79,0.79,0.79,70.00,
LogisticRegression,SOM-a_29_n100_m30_caracteristicas,2,0.50,0.50,0.50,30.00,"[0, 4, 8, 13, 15, 20, 26, 28, 34, 38, 39, 40, 45, 49, 52, 53, 59, 61, 65, 67, 74, 80, 81, 82, 86, 87, 89, 91, 92, 99]"
LogisticRegression,SOM-a_2_n25_m2_caracteristicas,1,0.96,0.96,0.96,23.00,
LogisticRegression,SOM-a_2_n25_m2_caracteristicas,2,0.50,0.50,0.50,2.00,"[15, 17]"
LogisticRegression,SOM-a_30_n100_m30_caracteristicas,1,0.84,0.84,0.84,70.00,
LogisticRegression,SOM-a_30_n100_m30_caracteristicas,2,0.63,0.63,0.63,30.00,"[5, 6, 14, 15, 19, 24, 25, 27, 28, 30, 31, 32, 34, 35, 36, 39, 41, 43, 45, 50, 51, 55, 59, 62, 65, 68, 74, 80, 89, 97]"
LogisticRegression,SOM-a_31_n125_m12_caracteristicas,1,0.93,0.93,0.93,113.00,
LogisticRegression,SOM-a_31_n125_m12_caracteristicas,2,0.33,0.33,0.33,12.00,"[4, 5, 19, 24, 33, 50, 52, 78, 84, 109, 115, 116]"
LogisticRegression,SOM-a_32_n125_m12_caracteristicas,1,0.93,0.93,0.93,113.00,
LogisticRegression,SOM-a_32_n125_m12_caracteristicas,2,0.33,0.33,0.33,12.00,"[3, 11, 16, 17, 21, 31, 38, 39, 42, 65, 83, 106]"
LogisticRegression,SOM-a_33_n125_m12_caracteristicas,1,0.91,0.91,0.91,113.00,
LogisticRegression,SOM-a_33_n125_m12_caracteristicas,2,0.17,0.17,0.17,12.00,"[3, 20, 23, 24, 32, 43, 48, 54, 59, 66, 73, 103]"
LogisticRegression,SOM-a_34_n125_m12_caracteristicas,1,0.91,0.91,0.91,113.00,
LogisticRegression,SOM-a_34_n125_m12_caracteristicas,2,0.17,0.17,0.17,12.00,"[8, 14, 15, 16, 24, 26, 33, 48, 67, 74, 82, 113]"
LogisticRegression,SOM-a_35_n125_m12_caracteristicas,1,0.92,0.92,0.92,113.00,
LogisticRegression,SOM-a_35_n125_m12_caracteristicas,2,0.25,0.25,0.25,12.00,"[24, 47, 49, 59, 64, 72, 76, 79, 83, 95, 101, 107]"
LogisticRegression,SOM-a_36_n125_m37_caracteristicas,1,0.80,0.80,0.80,88.00,
LogisticRegression,SOM-a_36_n125_m37_caracteristicas,2,0.51,0.51,0.51,37.00,"[0, 1, 6, 7, 8, 16, 17, 19, 20, 21, 26, 27, 28, 29, 30, 35, 38, 39, 44, 45, 46, 48, 58, 76, 82, 83, 92, 97, 100, 103, 104, 107, 112, 115, 118, 121, 123]"
LogisticRegression,SOM-a_37_n125_m37_caracteristicas,1,0.84,0.84,0.84,88.00,
LogisticRegression,SOM-a_37_n125_m37_caracteristicas,2,0.62,0.62,0.62,37.00,"[3, 4, 5, 7, 15, 17, 21, 22, 23, 27, 28, 31, 36, 37, 39, 44, 54, 62, 64, 66, 68, 69, 71, 74, 78, 85, 99, 105, 107, 112, 113, 115, 119, 121, 122, 123, 124]"
LogisticRegression,SOM-a_38_n125_m37_caracteristicas,1,0.84,0.84,0.84,88.00,
LogisticRegression,SOM-a_38_n125_m37_caracteristicas,2,0.62,0.62,0.62,37.00,"[3, 5, 6, 9, 16, 19, 20, 21, 22, 25, 26, 32, 36, 37, 40, 41, 46, 51, 54, 56, 57, 58, 62, 64, 71, 72, 73, 75, 77, 78, 81, 96, 97, 110, 117, 119, 123]"
LogisticRegression,SOM-a_39_n125_m37_caracteristicas,1,0.76,0.76,0.76,88.00,
LogisticRegression,SOM-a_39_n125_m37_caracteristicas,2,0.43,0.43,0.43,37.00,"[0, 3, 8, 9, 12, 16, 17, 18, 20, 21, 23, 28, 29, 32, 38, 42, 44, 50, 52, 58, 60, 64, 66, 69, 75, 79, 83, 87, 98, 99, 102, 108, 110, 116, 117, 121, 123]"
LogisticRegression,SOM-a_3_n25_m2_caracteristicas,1,0.96,0.96,0.96,23.00,
LogisticRegression,SOM-a_3_n25_m2_caracteristicas,2,0.50,0.50,0.50,2.00,"[7, 15]"
LogisticRegression,SOM-a_40_n125_m37_caracteristicas,1,0.81,0.81,0.81,88.00,
LogisticRegression,SOM-a_40_n125_m37_caracteristicas,2,0.54,0.54,0.54,37.00,"[1, 5, 9, 17, 22, 24, 27, 29, 30, 31, 34, 35, 38, 41, 42, 46, 48, 50, 53, 55, 56, 57, 60, 62, 65, 71, 76, 78, 79, 88, 89, 91, 92, 94, 99, 102, 114]"
LogisticRegression,SOM-a_41_n150_m15_caracteristicas,1,0.93,0.93,0.93,135.00,
LogisticRegression,SOM-a_41_n150_m15_caracteristicas,2,0.33,0.33,0.33,15.00,"[3, 9, 45, 48, 49, 70, 74, 85, 88, 104, 112, 118, 122, 142, 149]"
LogisticRegression,SOM-a_42_n150_m15_caracteristicas,1,0.92,0.92,0.92,135.00,
LogisticRegression,SOM-a_42_n150_m15_caracteristicas,2,0.27,0.27,0.27,15.00,"[9, 11, 15, 20, 37, 40, 53, 58, 70, 74, 77, 81, 127, 137, 139]"
LogisticRegression,SOM-a_43_n150_m15_caracteristicas,1,0.92,0.92,0.92,135.00,
LogisticRegression,SOM-a_43_n150_m15_caracteristicas,2,0.27,0.27,0.27,15.00,"[4, 28, 32, 35, 39, 43, 53, 55, 74, 76, 98, 100, 117, 118, 140]"
LogisticRegression,SOM-a_44_n150_m15_caracteristicas,1,0.92,0.92,0.92,135.00,
LogisticRegression,SOM-a_44_n150_m15_caracteristicas,2,0.27,0.27,0.27,15.00,"[0, 10, 19, 31, 37, 45, 47, 52, 56, 64, 78, 80, 92, 132, 139]"
LogisticRegression,SOM-a_45_n150_m15_caracteristicas,1,0.90,0.90,0.90,135.00,
LogisticRegression,SOM-a_45_n150_m15_caracteristicas,2,0.07,0.07,0.07,15.00,"[20, 24, 26, 33, 34, 39, 43, 73, 76, 100, 101, 102, 103, 113, 130]"
LogisticRegression,SOM-a_46_n150_m45_caracteristicas,1,0.83,0.83,0.83,105.00,
LogisticRegression,SOM-a_46_n150_m45_caracteristicas,2,0.60,0.60,0.60,45.00,"[0, 2, 5, 9, 15, 17, 21, 23, 25, 31, 32, 33, 37, 41, 42, 43, 46, 48, 49, 50, 52, 54, 61, 64, 65, 71, 75, 76, 80, 84, 85, 90, 95, 97, 100, 102, 105, 106, 108, 109, 118, 120, 121, 129, 139]"
LogisticRegression,SOM-a_47_n150_m45_caracteristicas,1,0.80,0.80,0.80,105.00,
LogisticRegression,SOM-a_47_n150_m45_caracteristicas,2,0.53,0.53,0.53,45.00,"[0, 6, 7, 10, 12, 13, 15, 17, 18, 23, 24, 28, 29, 30, 31, 37, 42, 51, 60, 62, 66, 68, 71, 75, 78, 79, 83, 88, 89, 90, 92, 96, 97, 98, 105, 106, 114, 117, 126, 127, 134, 138, 139, 142, 144]"
LogisticRegression,SOM-a_48_n150_m45_caracteristicas,1,0.79,0.79,0.79,105.00,
LogisticRegression,SOM-a_48_n150_m45_caracteristicas,2,0.51,0.51,0.51,45.00,"[4, 7, 11, 13, 14, 16, 17, 19, 20, 24, 27, 31, 32, 33, 34, 38, 39, 40, 42, 45, 46, 48, 50, 53, 63, 64, 66, 69, 85, 87, 99, 106, 108, 110, 117, 125, 126, 130, 131, 136, 138, 140, 141, 147, 149]"
LogisticRegression,SOM-a_49_n150_m45_caracteristicas,1,0.75,0.75,0.75,105.00,
LogisticRegression,SOM-a_49_n150_m45_caracteristicas,2,0.42,0.42,0.42,45.00,"[3, 9, 14, 17, 19, 23, 27, 29, 30, 31, 34, 40, 48, 52, 54, 56, 61, 62, 63, 70, 71, 72, 74, 75, 78, 86, 87, 91, 92, 93, 99, 105, 107, 114, 115, 116, 122, 123, 124, 131, 135, 141, 145, 146, 147]"
LogisticRegression,SOM-a_4_n25_m2_caracteristicas,1,0.91,0.91,0.91,23.00,
LogisticRegression,SOM-a_4_n25_m2_caracteristicas,2,0.00,0.00,0.00,2.00,"[13, 14]"
LogisticRegression,SOM-a_50_n150_m45_caracteristicas,1,0.77,0.77,0.77,105.00,
LogisticRegression,SOM-a_50_n150_m45_caracteristicas,2,0.47,0.47,0.47,45.00,"[0, 4, 5, 8, 10, 11, 12, 13, 14, 21, 23, 25, 29, 32, 44, 47, 49, 52, 55, 60, 65, 66, 67, 68, 72, 74, 77, 78, 79, 83, 94, 97, 98, 101, 105, 107, 110, 117, 121, 129, 130, 131, 137, 144, 146]"
LogisticRegression,SOM-a_5_n25_m2_caracteristicas,1,0.96,0.96,0.96,23.00,
LogisticRegression,SOM-a_5_n25_m2_caracteristicas,2,0.50,0.50,0.50,2.00,"[17, 23]"
LogisticRegression,SOM-a_6_n25_m7_caracteristicas,1,0.83,0.83,0.83,18.00,
LogisticRegression,SOM-a_6_n25_m7_caracteristicas,2,0.57,0.57,0.57,7.00,"[1, 2, 4, 6, 15, 18, 20]"
LogisticRegression,SOM-a_7_n25_m7_caracteristicas,1,0.78,0.78,0.78,18.00,
LogisticRegression,SOM-a_7_n25_m7_caracteristicas,2,0.43,0.43,0.43,7.00,"[0, 6, 7, 10, 11, 19, 23]"
LogisticRegression,SOM-a_8_n25_m7_caracteristicas,1,0.78,0.78,0.78,18.00,
LogisticRegression,SOM-a_8_n25_m7_caracteristicas,2,0.43,0.43,0.43,7.00,"[5, 7, 9, 15, 18, 20, 22]"
LogisticRegression,SOM-a_9_n25_m7_caracteristicas,1,0.78,0.78,0.78,18.00,
LogisticRegression,SOM-a_9_n25_m7_caracteristicas,2,0.43,0.43,0.43,7.00,"[2, 7, 8, 9, 10, 13, 14]"
LogisticRegression,SOM-b_10_n300_m60_caracteristicas,1,0.82,0.82,0.82,240.00,
LogisticRegression,SOM-b_10_n300_m60_caracteristicas,2,0.28,0.28,0.28,60.00,"[2, 3, 4, 13, 15, 18, 23, 30, 31, 40, 43, 46, 47, 49, 51, 55, 73, 74, 76, 77, 80, 81, 82, 86, 88, 89, 94, 95, 97, 103, 116, 118, 119, 120, 122, 125, 133, 143, 144, 148, 150, 165, 169, 171, 184, 196, 197, 208, 210, 217, 224, 240, 247, 251, 277, 279, 285, 289, 290, 296]"
LogisticRegression,SOM-b_11_n300_m90_caracteristicas,1,0.80,0.80,0.80,210.00,
LogisticRegression,SOM-b_11_n300_m90_caracteristicas,2,0.53,0.53,0.53,90.00,"[2, 3, 7, 9, 11, 13, 15, 18, 20, 21, 27, 28, 29, 30, 32, 33, 34, 38, 42, 48, 49, 52, 53, 59, 62, 65, 66, 71, 75, 82, 85, 86, 94, 99, 101, 102, 108, 112, 115, 117, 120, 123, 125, 130, 132, 133, 135, 136, 140, 141, 142, 144, 146, 152, 154, 155, 156, 158, 159, 169, 173, 178, 180, 181, 184, 185, 189, 190, 194, 196, 198, 201, 207, 209, 218, 223, 230, 235, 238, 243, 246, 247, 257, 259, 266, 268, 283, 289, 292, 295]"
LogisticRegression,SOM-b_12_n300_m120_caracteristicas,1,0.76,0.76,0.76,180.00,
LogisticRegression,SOM-b_12_n300_m120_caracteristicas,2,0.64,0.64,0.64,120.00,"[0, 3, 4, 5, 9, 10, 12, 14, 15, 18, 19, 20, 21, 26, 27, 28, 29, 30, 31, 32, 33, 34, 35, 36, 39, 41, 45, 48, 49, 51, 52, 58, 59, 61, 63, 70, 71, 72, 73, 74, 78, 79, 81, 83, 85, 88, 90, 93, 96, 97, 99, 100, 102, 103, 106, 108, 112, 115, 117, 121, 122, 124, 125, 126, 128, 129, 134, 138, 139, 141, 142, 143, 144, 147, 153, 155, 156, 159, 160, 162, 168, 171, 173, 178, 179, 181, 182, 184, 185, 186, 187, 195, 202, 203, 204, 206, 208, 214, 216, 226, 227, 234, 235, 238, 240, 248, 249, 250, 253, 254, 256, 257, 258, 259, 264, 267, 277, 278, 288, 293]"
LogisticRegression,SOM-b_13_n400_m40_caracteristicas,1,0.91,0.91,0.91,360.00,
LogisticRegression,SOM-b_13_n400_m40_caracteristicas,2,0.15,0.15,0.15,40.00,"[5, 16, 17, 18, 20, 24, 27, 32, 35, 39, 43, 49, 61, 62, 70, 72, 76, 84, 90, 94, 96, 104, 121, 122, 123, 126, 135, 152, 156, 166, 189, 192, 198, 239, 240, 270, 276, 278, 284, 322]"
LogisticRegression,SOM-b_14_n400_m80_caracteristicas,1,0.84,0.84,0.84,320.00,
LogisticRegression,SOM-b_14_n400_m80_caracteristicas,2,0.38,0.38,0.38,80.00,"[2, 3, 7, 8, 9, 13, 16, 17, 18, 19, 21, 25, 27, 29, 32, 33, 35, 37, 42, 44, 54, 58, 60, 61, 70, 71, 75, 82, 85, 87, 89, 90, 93, 98, 99, 102, 103, 107, 116, 117, 118, 121, 122, 127, 141, 142, 147, 152, 163, 166, 171, 175, 176, 181, 182, 184, 218, 226, 227, 232, 245, 256, 259, 261, 263, 271, 281, 286, 293, 296, 298, 306, 314, 331, 354, 366, 377, 379, 382, 388]"
LogisticRegression,SOM-b_15_n400_m120_caracteristicas,1,0.78,0.78,0.78,280.00,
LogisticRegression,SOM-b_15_n400_m120_caracteristicas,2,0.47,0.47,0.47,120.00,"[0, 1, 3, 6, 7, 8, 9, 12, 13, 14, 18, 19, 20, 21, 22, 23, 24, 25, 26, 28, 29, 30, 31, 32, 33, 34, 35, 36, 37, 39, 40, 43, 47, 48, 50, 52, 53, 54, 56, 62, 65, 69, 71, 73, 78, 80, 81, 90, 95, 98, 101, 105, 117, 118, 119, 120, 121, 122, 124, 125, 126, 131, 133, 136, 138, 141, 144, 147, 149, 150, 151, 154, 156, 158, 161, 163, 164, 167, 170, 173, 175, 179, 183, 185, 186, 193, 206, 207, 210, 213, 216, 218, 220, 224, 231, 242, 243, 249, 262, 270, 273, 278, 279, 282, 285, 296, 308, 318, 322, 324, 333, 349, 351, 364, 369, 376, 377, 391, 392, 399]"
LogisticRegression,SOM-b_16_n400_m160_caracteristicas,1,0.73,0.73,0.73,240.00,
LogisticRegression,SOM-b_16_n400_m160_caracteristicas,2,0.59,0.59,0.59,160.00,"[0, 4, 5, 10, 12, 14, 15, 16, 17, 18, 19, 20, 21, 22, 23, 24, 26, 27, 28, 29, 30, 34, 36, 37, 39, 42, 43, 44, 45, 46, 48, 49, 50, 51, 52, 53, 54, 55, 57, 59, 60, 61, 63, 64, 65, 67, 69, 70, 71, 73, 74, 79, 81, 82, 84, 86, 88, 90, 92, 94, 98, 101, 102, 103, 106, 108, 111, 113, 116, 117, 118, 120, 121, 122, 124, 126, 127, 130, 132, 133, 134, 135, 136, 137, 138, 141, 142, 144, 145, 146, 147, 148, 151, 159, 166, 167, 169, 170, 172, 182, 184, 195, 198, 199, 200, 202, 204, 206, 207, 208, 213, 214, 218, 221, 223, 225, 227, 234, 238, 246, 247, 248, 249, 253, 255, 258, 260, 262, 265, 275, 277, 279, 280, 283, 300, 301, 304, 306, 308, 311, 312, 313, 315, 328, 330, 333, 334, 335, 342, 344, 347, 352, 373, 375, 381, 383, 385, 391, 398, 399]"
LogisticRegression,SOM-b_17_n500_m50_caracteristicas,1,0.91,0.91,0.91,450.00,
LogisticRegression,SOM-b_17_n500_m50_caracteristicas,2,0.16,0.16,0.16,50.00,"[0, 8, 11, 12, 22, 23, 32, 33, 35, 37, 40, 55, 57, 61, 63, 65, 73, 82, 83, 84, 85, 90, 97, 106, 107, 112, 114, 117, 123, 125, 131, 137, 139, 143, 146, 169, 196, 205, 224, 229, 239, 244, 250, 302, 308, 311, 320, 323, 344, 421]"
LogisticRegression,SOM-b_18_n500_m100_caracteristicas,1,0.85,0.85,0.85,400.00,
LogisticRegression,SOM-b_18_n500_m100_caracteristicas,2,0.39,0.39,0.39,100.00,"[0, 2, 3, 6, 9, 13, 15, 16, 17, 23, 24, 25, 32, 33, 36, 37, 38, 42, 43, 44, 45, 48, 50, 53, 60, 61, 63, 64, 65, 66, 67, 70, 73, 79, 80, 83, 85, 87, 90, 94, 98, 99, 101, 102, 105, 107, 111, 112, 114, 119, 120, 124, 129, 131, 134, 137, 138, 141, 142, 148, 149, 150, 154, 158, 163, 164, 170, 173, 175, 182, 192, 194, 196, 205, 229, 236, 239, 245, 249, 254, 258, 259, 269, 277, 281, 290, 298, 300, 310, 320, 324, 352, 375, 378, 379, 380, 404, 408, 439, 470]"
LogisticRegression,SOM-b_19_n500_m150_caracteristicas,1,0.80,0.80,0.80,350.00,
LogisticRegression,SOM-b_19_n500_m150_caracteristicas,2,0.54,0.54,0.54,150.00,"[0, 2, 4, 6, 7, 8, 9, 10, 11, 13, 15, 16, 17, 20, 21, 23, 25, 27, 28, 29, 33, 34, 35, 41, 42, 43, 44, 46, 53, 55, 56, 58, 59, 61, 62, 64, 65, 66, 70, 71, 74, 76, 79, 80, 81, 82, 84, 88, 90, 91, 92, 93, 94, 95, 96, 97, 98, 104, 106, 107, 109, 112, 115, 116, 118, 119, 120, 122, 124, 126, 131, 133, 138, 139, 140, 145, 149, 150, 153, 156, 159, 165, 166, 167, 173, 174, 175, 177, 179, 182, 185, 190, 191, 194, 196, 198, 200, 204, 205, 207, 208, 210, 213, 215, 216, 219, 220, 221, 225, 229, 230, 232, 233, 236, 253, 263, 264, 265, 271, 275, 276, 284, 287, 289, 298, 302, 306, 313, 316, 324, 327, 331, 334, 336, 353, 354, 366, 367, 368, 371, 383, 386, 414, 424, 427, 430, 432, 449, 451, 479]"
LogisticRegression,SOM-b_1_n100_m10_caracteristicas,1,0.92,0.92,0.92,90.00,
LogisticRegression,SOM-b_1_n100_m10_caracteristicas,2,0.30,0.30,0.30,10.00,"[15, 21, 31, 35, 50, 56, 58, 75, 84, 87]"
LogisticRegression,SOM-b_20_n500_m200_caracteristicas,1,0.75,0.75,0.75,300.00,
LogisticRegression,SOM-b_20_n500_m200_caracteristicas,2,0.62,0.62,0.62,200.00,"[1, 2, 4, 5, 6, 7, 9, 10, 11, 12, 13, 15, 16, 17, 19, 20, 21, 22, 24, 25, 26, 28, 29, 30, 31, 32, 33, 34, 35, 37, 39, 41, 42, 43, 46, 47, 48, 49, 50, 51, 52, 54, 56, 58, 62, 63, 66, 67, 69, 70, 73, 74, 77, 78, 81, 82, 86, 88, 89, 91, 92, 93, 94, 96, 97, 99, 101, 102, 103, 104, 105, 107, 109, 110, 111, 112, 114, 115, 117, 118, 120, 122, 123, 125, 126, 127, 128, 130, 134, 136, 138, 139, 142, 143, 144, 145, 148, 149, 151, 152, 154, 156, 157, 158, 159, 160, 163, 164, 165, 167, 170, 178, 181, 183, 185, 187, 189, 190, 192, 194, 195, 196, 199, 200, 203, 204, 207, 208, 211, 213, 215, 216, 217, 218, 219, 220, 221, 224, 226, 227, 228, 239, 246, 248, 252, 259, 260, 261, 264, 265, 269, 272, 274, 287, 293, 294, 296, 298, 306, 308, 309, 311, 316, 318, 321, 322, 327, 329, 332, 335, 336, 338, 339, 340, 347, 348, 349, 355, 368, 373, 374, 379, 385, 389, 392, 399, 400, 405, 406, 411, 413, 418, 433, 440, 459, 467, 471, 484, 485, 499]"
LogisticRegression,SOM-b_2_n100_m20_caracteristicas,1,0.84,0.84,0.84,80.00,
LogisticRegression,SOM-b_2_n100_m20_caracteristicas,2,0.35,0.35,0.35,20.00,"[12, 22, 24, 28, 37, 39, 42, 43, 44, 47, 50, 53, 56, 59, 73, 77, 79, 85, 88, 90]"
LogisticRegression,SOM-b_3_n100_m30_caracteristicas,1,0.79,0.79,0.79,70.00,
LogisticRegression,SOM-b_3_n100_m30_caracteristicas,2,0.50,0.50,0.50,30.00,"[3, 5, 6, 7, 11, 12, 18, 20, 21, 22, 30, 35, 36, 37, 44, 47, 55, 58, 59, 62, 66, 67, 68, 69, 71, 79, 80, 83, 87, 98]"
LogisticRegression,SOM-b_4_n100_m40_caracteristicas,1,0.77,0.77,0.77,60.00,
LogisticRegression,SOM-b_4_n100_m40_caracteristicas,2,0.65,0.65,0.65,40.00,"[0, 2, 3, 4, 6, 8, 10, 11, 12, 15, 16, 19, 20, 21, 24, 25, 26, 28, 31, 39, 42, 43, 44, 45, 54, 56, 59, 62, 63, 66, 67, 69, 76, 79, 90, 91, 93, 96, 98, 99]"
LogisticRegression,SOM-b_5_n200_m20_caracteristicas,1,0.92,0.92,0.92,180.00,
LogisticRegression,SOM-b_5_n200_m20_caracteristicas,2,0.30,0.30,0.30,20.00,"[8, 15, 19, 20, 35, 37, 49, 55, 64, 66, 74, 80, 100, 107, 155, 157, 171, 180, 189, 199]"
LogisticRegression,SOM-b_6_n200_m40_caracteristicas,1,0.86,0.86,0.86,160.00,
LogisticRegression,SOM-b_6_n200_m40_caracteristicas,2,0.45,0.45,0.45,40.00,"[6, 9, 10, 11, 14, 16, 20, 28, 32, 38, 39, 42, 47, 58, 59, 63, 64, 69, 73, 75, 76, 79, 80, 85, 89, 93, 96, 101, 102, 106, 114, 116, 117, 157, 164, 166, 172, 188, 192, 196]"
LogisticRegression,SOM-b_7_n200_m60_caracteristicas,1,0.82,0.82,0.82,140.00,
LogisticRegression,SOM-b_7_n200_m60_caracteristicas,2,0.58,0.58,0.58,60.00,"[3, 4, 5, 9, 15, 16, 17, 21, 24, 29, 34, 36, 38, 41, 48, 49, 50, 51, 63, 64, 66, 67, 68, 72, 75, 76, 78, 79, 80, 81, 82, 83, 84, 88, 89, 91, 94, 102, 104, 107, 111, 113, 118, 124, 126, 128, 133, 135, 140, 142, 151, 156, 167, 170, 178, 180, 186, 191, 192, 198]"
LogisticRegression,SOM-b_8_n200_m80_caracteristicas,1,0.72,0.72,0.72,120.00,
LogisticRegression,SOM-b_8_n200_m80_caracteristicas,2,0.59,0.59,0.59,80.00,"[0, 1, 5, 7, 9, 10, 11, 15, 19, 21, 22, 23, 25, 26, 30, 31, 33, 35, 36, 40, 42, 43, 44, 46, 50, 54, 55, 56, 57, 59, 62, 65, 69, 75, 79, 84, 87, 89, 92, 96, 100, 101, 104, 105, 106, 109, 111, 114, 115, 120, 123, 126, 127, 128, 132, 133, 136, 137, 139, 140, 142, 145, 156, 158, 164, 168, 169, 171, 172, 173, 175, 178, 179, 182, 185, 187, 188, 189, 197, 198]"
LogisticRegression,SOM-b_9_n300_m30_caracteristicas,1,0.91,0.91,0.91,270.00,
LogisticRegression,SOM-b_9_n300_m30_caracteristicas,2,0.17,0.17,0.17,30.00,"[2, 3, 13, 19, 26, 27, 29, 35, 40, 46, 52, 72, 75, 80, 91, 99, 100, 118, 119, 120, 127, 128, 136, 169, 174, 218, 220, 223, 228, 244]"
KNN,SOM-a_24_n100_m10_caracteristicas,1,0.90,0.90,0.90,90.00,
KNN,SOM-a_24_n100_m10_caracteristicas,2,0.10,0.10,0.10,10.00,"[2, 3, 8, 16, 26, 27, 38, 45, 50, 70]"
KNN,SOM-a_25_n100_m10_caracteristicas,1,0.89,0.89,0.89,90.00,
KNN,SOM-a_25_n100_m10_caracteristicas,2,0.00,0.00,0.00,10.00,"[9, 29, 36, 37, 50, 53, 56, 83, 84, 90]"
KNN,SOM-a_26_n100_m30_caracteristicas,1,0.73,0.73,0.73,70.00,
KNN,SOM-a_26_n100_m30_caracteristicas,2,0.37,0.37,0.37,30.00,"[1, 3, 7, 9, 10, 12, 14, 16, 18, 19, 20, 22, 30, 36, 39, 40, 41, 44, 47, 48, 52, 65, 68, 71, 74, 77, 79, 84, 88, 94]"
KNN,SOM-a_27_n100_m30_caracteristicas,1,0.70,0.70,0.70,70.00,
KNN,SOM-a_27_n100_m30_caracteristicas,2,0.30,0.30,0.30,30.00,"[1, 4, 5, 13, 19, 20, 25, 26, 27, 28, 29, 30, 32, 35, 36, 38, 42, 44, 45, 48, 54, 56, 69, 76, 79, 82, 85, 88, 97, 98]"
KNN,SOM-a_28_n100_m30_caracteristicas,1,0.71,0.71,0.71,70.00,
KNN,SOM-a_28_n100_m30_caracteristicas,2,0.33,0.33,0.33,30.00,"[0, 3, 6, 9, 13, 15, 16, 17, 18, 22, 25, 26, 27, 29, 33, 34, 36, 37, 38, 39, 42, 45, 47, 48, 70, 73, 76, 83, 86, 99]"
KNN,SOM-a_29_n100_m30_caracteristicas,1,0.74,0.74,0.74,70.00,
KNN,SOM-a_29_n100_m30_caracteristicas,2,0.40,0.40,0.40,30.00,"[4, 5, 8, 9, 16, 21, 22, 24, 27, 31, 32, 34, 36, 38, 39, 40, 41, 43, 46, 47, 48, 51, 61, 74, 82, 84, 85, 87, 89, 92]"
KNN,SOM-a_2_n25_m2_caracteristicas,1,0.91,0.91,0.91,23.00,
KNN,SOM-a_2_n25_m2_caracteristicas,2,0.00,0.00,0.00,2.00,"[18, 19]"
KNN,SOM-a_30_n100_m30_caracteristicas,1,0.73,0.73,0.73,70.00,
KNN,SOM-a_30_n100_m30_caracteristicas,2,0.37,0.37,0.37,30.00,"[3, 4, 6, 9, 10, 11, 12, 14, 16, 19, 22, 23, 24, 26, 30, 31, 32, 39, 42, 43, 45, 47, 51, 55, 65, 72, 73, 74, 91, 95]"
KNN,SOM-a_31_n125_m12_caracteristicas,1,0.91,0.91,0.91,113.00,
KNN,SOM-a_31_n125_m12_caracteristicas,2,0.17,0.17,0.17,12.00,"[1, 22, 25, 29, 36, 38, 41, 42, 47, 48, 52, 92]"
KNN,SOM-a_32_n125_m12_caracteristicas,1,0.91,0.91,0.91,113.00,
KNN,SOM-a_32_n125_m12_caracteristicas,2,0.17,0.17,0.17,12.00,"[10, 16, 27, 29, 36, 39, 46, 50, 70, 79, 86, 97]"
KNN,SOM-a_33_n125_m12_caracteristicas,1,0.91,0.91,0.91,113.00,
KNN,SOM-a_33_n125_m12_caracteristicas,2,0.17,0.17,0.17,12.00,"[10, 29, 32, 33, 43, 45, 46, 54, 86, 88, 90, 93]"
KNN,SOM-a_34_n125_m12_caracteristicas,1,0.91,0.91,0.91,113.00,
KNN,SOM-a_34_n125_m12_caracteristicas,2,0.17,0.17,0.17,12.00,"[13, 14, 26, 30, 34, 36, 39, 41, 46, 67, 78, 90]"
KNN,SOM-a_35_n125_m12_caracteristicas,1,0.91,0.91,0.91,113.00,
KNN,SOM-a_35_n125_m12_caracteristicas,2,0.17,0.17,0.17,12.00,"[0, 3, 4, 34, 39, 45, 46, 74, 85, 88, 93, 94]"
KNN,SOM-a_36_n125_m37_caracteristicas,1,0.75,0.75,0.75,88.00,
KNN,SOM-a_36_n125_m37_caracteristicas,2,0.41,0.41,0.41,37.00,"[1, 2, 4, 6, 7, 8, 10, 16, 20, 21, 22, 24, 25, 26, 29, 33, 34, 35, 36, 37, 38, 40, 41, 42, 43, 45, 46, 47, 48, 69, 71, 78, 82, 84, 86, 89, 97]"
KNN,SOM-a_37_n125_m37_caracteristicas,1,0.75,0.75,0.75,88.00,
KNN,SOM-a_37_n125_m37_caracteristicas,2,0.41,0.41,0.41,37.00,"[1, 4, 6, 7, 8, 11, 13, 14, 15, 23, 26, 28, 31, 32, 33, 34, 35, 36, 37, 39, 42, 44, 54, 57, 62, 66, 69, 71, 74, 79, 80, 83, 85, 89, 98, 99, 123]"
KNN,SOM-a_38_n125_m37_caracteristicas,1,0.75,0.75,0.75,88.00,
KNN,SOM-a_38_n125_m37_caracteristicas,2,0.41,0.41,0.41,37.00,"[0, 3, 4, 5, 6, 7, 9, 10, 12, 13, 15, 17, 21, 23, 26, 30, 36, 39, 40, 41, 42, 46, 51, 54, 56, 58, 62, 64, 68, 71, 74, 78, 79, 88, 89, 93, 94]"
KNN,SOM-a_39_n125_m37_caracteristicas,1,0.75,0.75,0.75,88.00,
KNN,SOM-a_39_n125_m37_caracteristicas,2,0.41,0.41,0.41,37.00,"[1, 2, 4, 6, 7, 8, 9, 10, 11, 14, 17, 20, 23, 24, 25, 31, 32, 34, 36, 38, 42, 45, 49, 50, 51, 52, 60, 64, 66, 75, 78, 79, 80, 82, 87, 90, 98]"
KNN,SOM-a_3_n25_m2_caracteristicas,1,0.91,0.91,0.91,23.00,
KNN,SOM-a_3_n25_m2_caracteristicas,2,0.00,0.00,0.00,2.00,"[0, 16]"
KNN,SOM-a_40_n125_m37_caracteristicas,1,0.77,0.77,0.77,88.00,
KNN,SOM-a_40_n125_m37_caracteristicas,2,0.46,0.46,0.46,37.00,"[0, 5, 7, 9, 21, 22, 23, 24, 26, 27, 29, 30, 31, 32, 34, 35, 36, 37, 39, 41, 42, 43, 44, 46, 47, 48, 50, 53, 55, 57, 60, 65, 71, 76, 79, 84, 92]"
KNN,SOM-a_41_n150_m15_caracteristicas,1,0.90,0.90,0.90,135.00,
KNN,SOM-a_41_n150_m15_caracteristicas,2,0.13,0.13,0.13,15.00,"[1, 2, 7, 26, 28, 29, 30, 41, 46, 48, 70, 82, 84, 86, 104]"
KNN,SOM-a_42_n150_m15_caracteristicas,1,0.90,0.90,0.90,135.00,
KNN,SOM-a_42_n150_m15_caracteristicas,2,0.07,0.07,0.07,15.00,"[1, 20, 29, 30, 31, 42, 44, 47, 63, 71, 79, 80, 81, 85, 87]"
KNN,SOM-a_43_n150_m15_caracteristicas,1,0.90,0.90,0.90,135.00,
KNN,SOM-a_43_n150_m15_caracteristicas,2,0.07,0.07,0.07,15.00,"[0, 2, 13, 30, 31, 35, 37, 41, 44, 50, 55, 69, 74, 76, 96]"
KNN,SOM-a_44_n150_m15_caracteristicas,1,0.90,0.90,0.90,135.00,
KNN,SOM-a_44_n150_m15_caracteristicas,2,0.13,0.13,0.13,15.00,"[1, 2, 5, 7, 12, 24, 32, 34, 48, 56, 78, 81, 82, 89, 90]"
KNN,SOM-a_45_n150_m15_caracteristicas,1,0.89,0.89,0.89,135.00,
KNN,SOM-a_45_n150_m15_caracteristicas,2,0.00,0.00,0.00,15.00,"[3, 8, 11, 13, 20, 23, 28, 31, 33, 35, 39, 73, 76, 78, 87]"
KNN,SOM-a_46_n150_m45_caracteristicas,1,0.78,0.78,0.78,105.00,
KNN,SOM-a_46_n150_m45_caracteristicas,2,0.49,0.49,0.49,45.00,"[0, 1, 3, 4, 5, 7, 8, 10, 13, 14, 15, 16, 20, 21, 23, 24, 25, 27, 28, 29, 32, 33, 36, 38, 41, 42, 43, 46, 49, 50, 52, 53, 54, 66, 69, 70, 71, 72, 74, 75, 76, 84, 86, 90, 97]"
KNN,SOM-a_47_n150_m45_caracteristicas,1,0.70,0.70,0.70,105.00,
KNN,SOM-a_47_n150_m45_caracteristicas,2,0.31,0.31,0.31,45.00,"[0, 1, 2, 3, 4, 5, 6, 7, 9, 12, 13, 15, 16, 20, 21, 22, 23, 24, 26, 28, 29, 30, 31, 32, 35, 36, 37, 40, 41, 43, 44, 45, 46, 48, 70, 71, 74, 77, 79, 83, 88, 90, 92, 96, 97]"
KNN,SOM-a_48_n150_m45_caracteristicas,1,0.73,0.73,0.73,105.00,
KNN,SOM-a_48_n150_m45_caracteristicas,2,0.38,0.38,0.38,45.00,"[0, 1, 2, 3, 4, 5, 6, 7, 8, 11, 14, 15, 16, 17, 19, 22, 24, 26, 27, 29, 32, 33, 34, 36, 38, 39, 40, 42, 43, 44, 45, 46, 47, 48, 50, 52, 53, 54, 69, 75, 77, 80, 82, 85, 99]"
KNN,SOM-a_49_n150_m45_caracteristicas,1,0.70,0.70,0.70,105.00,
KNN,SOM-a_49_n150_m45_caracteristicas,2,0.31,0.31,0.31,45.00,"[0, 1, 2, 3, 5, 6, 7, 8, 9, 10, 13, 17, 22, 23, 25, 26, 29, 30, 31, 32, 33, 39, 41, 42, 44, 47, 50, 52, 61, 63, 66, 70, 72, 74, 75, 78, 79, 80, 83, 84, 85, 86, 89, 91, 93]"
KNN,SOM-a_4_n25_m2_caracteristicas,1,0.91,0.91,0.91,23.00,
KNN,SOM-a_4_n25_m2_caracteristicas,2,0.00,0.00,0.00,2.00,"[7, 13]"
KNN,SOM-a_50_n150_m45_caracteristicas,1,0.73,0.73,0.73,105.00,
KNN,SOM-a_50_n150_m45_caracteristicas,2,0.38,0.38,0.38,45.00,"[0, 4, 5, 6, 7, 8, 10, 11, 12, 13, 17, 18, 21, 22, 24, 25, 26, 27, 28, 30, 32, 34, 35, 36, 39, 40, 41, 44, 48, 49, 52, 60, 66, 67, 71, 72, 77, 79, 83, 84, 89, 91, 92, 93, 94]"
KNN,SOM-a_5_n25_m2_caracteristicas,1,0.91,0.91,0.91,23.00,
KNN,SOM-a_5_n25_m2_caracteristicas,2,0.00,0.00,0.00,2.00,"[21, 23]"
KNN,SOM-a_6_n25_m7_caracteristicas,1,0.78,0.78,0.78,18.00,
KNN,SOM-a_6_n25_m7_caracteristicas,2,0.43,0.43,0.43,7.00,"[1, 4, 11, 14, 20, 23, 24]"
KNN,SOM-a_7_n25_m7_caracteristicas,1,0.72,0.72,0.72,18.00,
KNN,SOM-a_7_n25_m7_caracteristicas,2,0.29,0.29,0.29,7.00,"[6, 9, 10, 11, 17, 19, 24]"
KNN,SOM-a_8_n25_m7_caracteristicas,1,0.67,0.67,0.67,18.00,
KNN,SOM-a_8_n25_m7_caracteristicas,2,0.14,0.14,0.14,7.00,"[1, 5, 6, 11, 17, 18, 20]"
KNN,SOM-a_9_n25_m7_caracteristicas,1,0.72,0.72,0.72,18.00,
KNN,SOM-a_9_n25_m7_caracteristicas,2,0.29,0.29,0.29,7.00,"[5, 6, 7, 9, 14, 21, 23]"
KNN,SOM-b_10_n300_m60_caracteristicas,1,0.80,0.80,0.80,240.00,
KNN,SOM-b_10_n300_m60_caracteristicas,2,0.18,0.18,0.18,60.00,"[0, 2, 3, 4, 5, 6, 7, 8, 9, 10, 11, 13, 15, 16, 17, 18, 19, 20, 21, 23, 24, 26, 27, 30, 31, 32, 33, 35, 36, 38, 39, 40, 41, 42, 44, 45, 46, 47, 48, 49, 51, 55, 74, 76, 80, 86, 88, 89, 94, 97, 103, 165, 280, 289, 294, 295, 296, 297, 298, 299]"
KNN,SOM-b_11_n300_m90_caracteristicas,1,0.72,0.72,0.72,210.00,
KNN,SOM-b_11_n300_m90_caracteristicas,2,0.36,0.36,0.36,90.00,"[0, 1, 4, 5, 6, 7, 9, 11, 13, 15, 16, 17, 20, 21, 22, 25, 28, 29, 31, 32, 33, 34, 36, 38, 40, 42, 43, 47, 48, 49, 52, 53, 55, 65, 72, 73, 74, 75, 76, 79, 80, 81, 86, 101, 210, 211, 212, 213, 214, 215, 216, 217, 218, 219, 220, 221, 222, 223, 224, 225, 226, 227, 228, 229, 230, 231, 232, 233, 234, 235, 236, 237, 238, 239, 240, 241, 242, 243, 244, 245, 246, 247, 248, 249, 250, 251, 252, 253, 254, 255]"
KNN,SOM-b_12_n300_m120_caracteristicas,1,0.62,0.62,0.62,180.00,
KNN,SOM-b_12_n300_m120_caracteristicas,2,0.42,0.42,0.42,120.00,"[0, 1, 2, 3, 4, 5, 6, 7, 8, 9, 10, 11, 13, 14, 15, 17, 18, 20, 21, 22, 24, 25, 26, 28, 29, 31, 32, 33, 34, 35, 36, 37, 39, 42, 43, 44, 45, 46, 47, 48, 49, 50, 51, 52, 53, 54, 55, 56, 57, 58, 59, 60, 61, 62, 63, 66, 74, 75, 76, 79, 83, 86, 88, 90, 96, 97, 99, 159, 162, 184, 185, 186, 187, 188, 189, 190, 191, 192, 193, 194, 195, 196, 197, 198, 199, 200, 201, 202, 203, 216, 268, 269, 270, 271, 272, 273, 274, 275, 276, 277, 278, 279, 280, 281, 282, 283, 284, 285, 286, 287, 288, 289, 292, 293, 294, 295, 296, 297, 298, 299]"
KNN,SOM-b_13_n400_m40_caracteristicas,1,0.90,0.90,0.90,360.00,
KNN,SOM-b_13_n400_m40_caracteristicas,2,0.12,0.12,0.12,40.00,"[0, 1, 3, 5, 6, 12, 14, 15, 18, 20, 21, 22, 24, 26, 27, 30, 32, 33, 35, 36, 37, 39, 40, 41, 42, 43, 46, 47, 51, 52, 62, 70, 71, 81, 83, 84, 92, 97, 152, 166]"
KNN,SOM-b_14_n400_m80_caracteristicas,1,0.83,0.83,0.83,320.00,
KNN,SOM-b_14_n400_m80_caracteristicas,2,0.31,0.31,0.31,80.00,"[0, 1, 2, 3, 4, 5, 6, 7, 8, 9, 10, 11, 13, 14, 17, 19, 20, 21, 22, 23, 24, 26, 27, 28, 29, 30, 32, 35, 37, 38, 40, 41, 42, 43, 44, 45, 48, 49, 50, 52, 54, 64, 68, 72, 77, 80, 81, 85, 87, 89, 90, 91, 93, 98, 163, 166, 320, 321, 322, 323, 324, 325, 326, 327, 328, 329, 330, 331, 332, 333, 334, 335, 336, 337, 338, 339, 390, 393, 395, 399]"
KNN,SOM-b_15_n400_m120_caracteristicas,1,0.70,0.70,0.70,280.00,
KNN,SOM-b_15_n400_m120_caracteristicas,2,0.31,0.31,0.31,120.00,"[0, 1, 2, 3, 4, 5, 6, 8, 9, 11, 12, 13, 14, 15, 18, 20, 21, 22, 23, 24, 27, 28, 33, 35, 37, 39, 40, 41, 42, 43, 44, 45, 47, 48, 50, 52, 53, 54, 64, 68, 70, 73, 74, 75, 76, 77, 78, 79, 82, 90, 95, 163, 164, 280, 281, 282, 283, 284, 285, 286, 287, 288, 289, 290, 291, 292, 293, 294, 295, 296, 297, 298, 299, 300, 301, 302, 303, 304, 305, 306, 307, 308, 309, 310, 311, 312, 313, 314, 315, 316, 317, 318, 319, 320, 321, 322, 323, 324, 325, 326, 327, 328, 329, 330, 331, 332, 333, 334, 335, 336, 337, 338, 339, 340, 341, 391, 392, 396, 398, 399]"
KNN,SOM-b_16_n400_m160_caracteristicas,1,0.65,0.65,0.65,240.00,
KNN,SOM-b_16_n400_m160_caracteristicas,2,0.47,0.47,0.47,160.00,"[0, 1, 2, 3, 4, 5, 6, 7, 11, 13, 17, 18, 19, 21, 22, 23, 24, 25, 27, 28, 29, 31, 33, 34, 35, 36, 37, 38, 39, 42, 43, 44, 45, 46, 49, 50, 52, 53, 54, 55, 65, 67, 72, 73, 76, 81, 82, 86, 88, 90, 92, 98, 240, 241, 242, 243, 244, 245, 246, 247, 248, 249, 250, 251, 252, 253, 254, 255, 256, 257, 258, 259, 260, 261, 262, 263, 264, 265, 266, 267, 268, 269, 270, 271, 272, 273, 274, 275, 276, 277, 278, 279, 280, 281, 282, 283, 284, 285, 286, 287, 288, 289, 290, 291, 292, 293, 294, 295, 296, 297, 298, 299, 300, 301, 302, 303, 304, 305, 306, 307, 308, 309, 310, 311, 312, 313, 314, 315, 316, 317, 318, 319, 320, 321, 322, 323, 324, 325, 326, 327, 328, 329, 330, 331, 332, 333, 334, 335, 336, 337, 338, 339, 340, 341, 342, 343, 344, 396, 398, 399]"
KNN,SOM-b_17_n500_m50_caracteristicas,1,0.91,0.91,0.91,450.00,
KNN,SOM-b_17_n500_m50_caracteristicas,2,0.18,0.18,0.18,50.00,"[0, 1, 3, 6, 7, 9, 11, 12, 13, 14, 16, 18, 22, 23, 24, 26, 28, 29, 30, 31, 32, 33, 34, 35, 37, 40, 41, 42, 43, 44, 45, 46, 47, 48, 50, 52, 66, 68, 76, 81, 82, 83, 85, 86, 91, 97, 398, 400, 402, 406]"
KNN,SOM-b_18_n500_m100_caracteristicas,1,0.81,0.81,0.81,400.00,
KNN,SOM-b_18_n500_m100_caracteristicas,2,0.23,0.23,0.23,100.00,"[1, 2, 3, 4, 5, 6, 8, 9, 10, 13, 15, 20, 22, 23, 24, 25, 26, 28, 29, 30, 34, 35, 36, 37, 38, 39, 42, 43, 44, 45, 46, 47, 48, 50, 53, 68, 70, 72, 74, 76, 81, 82, 83, 85, 86, 87, 90, 94, 98, 99, 101, 163, 393, 397, 399, 402, 404, 405, 406, 407, 408, 409, 410, 411, 412, 413, 414, 415, 416, 417, 418, 419, 420, 421, 422, 423, 424, 425, 426, 427, 428, 429, 430, 431, 432, 433, 434, 435, 436, 437, 438, 439, 440, 441, 442, 443, 444, 445, 446, 447]"
KNN,SOM-b_19_n500_m150_caracteristicas,1,0.70,0.70,0.70,350.00,
KNN,SOM-b_19_n500_m150_caracteristicas,2,0.30,0.30,0.30,150.00,"[0, 1, 2, 3, 4, 5, 6, 8, 9, 11, 12, 13, 18, 19, 21, 22, 23, 24, 25, 28, 30, 33, 34, 35, 36, 37, 38, 40, 41, 42, 43, 44, 46, 47, 49, 53, 66, 67, 68, 69, 72, 73, 77, 84, 90, 91, 92, 93, 94, 98, 165, 350, 351, 352, 353, 354, 355, 356, 357, 358, 359, 360, 361, 362, 363, 364, 365, 366, 367, 368, 369, 370, 371, 372, 373, 374, 375, 376, 377, 378, 379, 380, 381, 382, 383, 384, 385, 386, 387, 388, 389, 390, 391, 392, 393, 394, 395, 396, 397, 398, 399, 400, 401, 402, 403, 404, 405, 406, 407, 408, 409, 410, 411, 412, 413, 414, 415, 416, 417, 418, 419, 420, 421, 422, 423, 424, 425, 426, 427, 428, 429, 430, 431, 432, 433, 434, 435, 436, 437, 438, 439, 440, 441, 442, 443, 444, 445, 446, 447, 494]"
KNN,SOM-b_1_n100_m10_caracteristicas,1,0.89,0.89,0.89,90.00,
KNN,SOM-b_1_n100_m10_caracteristicas,2,0.00,0.00,0.00,10.00,"[3, 5, 12, 25, 31, 44, 56, 70, 84, 89]"
KNN,SOM-b_20_n500_m200_caracteristicas,1,0.62,0.62,0.62,300.00,
KNN,SOM-b_20_n500_m200_caracteristicas,2,0.43,0.43,0.43,200.00,"[0, 1, 2, 3, 5, 7, 8, 13, 14, 17, 18, 20, 21, 22, 23, 24, 25, 26, 28, 29, 30, 32, 33, 34, 35, 36, 37, 39, 40, 41, 42, 43, 44, 45, 46, 47, 50, 52, 53, 66, 67, 79, 81, 86, 91, 92, 93, 94, 96, 97, 165, 300, 301, 302, 303, 304, 305, 306, 307, 308, 309, 310, 311, 312, 313, 314, 315, 316, 317, 318, 319, 320, 321, 322, 323, 324, 325, 326, 327, 328, 329, 330, 331, 332, 333, 334, 335, 336, 337, 338, 339, 340, 341, 342, 343, 344, 345, 346, 347, 348, 349, 350, 351, 352, 353, 354, 355, 356, 357, 358, 359, 360, 361, 362, 363, 364, 365, 366, 367, 368, 369, 370, 371, 372, 373, 374, 375, 376, 377, 378, 379, 380, 381, 382, 383, 384, 385, 386, 387, 388, 389, 390, 391, 392, 393, 394, 395, 396, 397, 398, 399, 400, 401, 402, 403, 404, 405, 406, 407, 408, 409, 410, 411, 412, 413, 414, 415, 416, 417, 418, 419, 420, 421, 422, 423, 424, 425, 426, 427, 428, 429, 430, 431, 432, 433, 434, 435, 436, 437, 438, 439, 440, 441, 442, 443, 444, 445, 446, 447, 494]"
KNN,SOM-b_2_n100_m20_caracteristicas,1,0.81,0.81,0.81,80.00,
KNN,SOM-b_2_n100_m20_caracteristicas,2,0.25,0.25,0.25,20.00,"[13, 16, 17, 18, 22, 28, 29, 30, 32, 37, 39, 42, 43, 47, 51, 73, 77, 79, 85, 93]"
KNN,SOM-b_3_n100_m30_caracteristicas,1,0.74,0.74,0.74,70.00,
KNN,SOM-b_3_n100_m30_caracteristicas,2,0.40,0.40,0.40,30.00,"[0, 2, 4, 6, 7, 15, 18, 19, 26, 27, 29, 30, 31, 34, 35, 36, 37, 38, 42, 45, 48, 55, 58, 66, 67, 71, 79, 80, 87, 93]"
KNN,SOM-b_4_n100_m40_caracteristicas,1,0.73,0.73,0.73,60.00,
KNN,SOM-b_4_n100_m40_caracteristicas,2,0.60,0.60,0.60,40.00,"[0, 1, 3, 4, 6, 7, 8, 10, 11, 12, 13, 14, 15, 21, 25, 26, 28, 30, 34, 36, 37, 38, 39, 44, 45, 47, 48, 50, 54, 56, 63, 66, 68, 69, 71, 76, 80, 90, 91, 93]"
KNN,SOM-b_5_n200_m20_caracteristicas,1,0.91,0.91,0.91,180.00,
KNN,SOM-b_5_n200_m20_caracteristicas,2,0.15,0.15,0.15,20.00,"[0, 8, 22, 23, 24, 25, 28, 30, 33, 36, 39, 43, 45, 46, 50, 55, 64, 81, 85, 155]"
KNN,SOM-b_6_n200_m40_caracteristicas,1,0.81,0.81,0.81,160.00,
KNN,SOM-b_6_n200_m40_caracteristicas,2,0.25,0.25,0.25,40.00,"[0, 2, 7, 9, 10, 11, 21, 24, 25, 26, 27, 28, 29, 30, 31, 32, 34, 35, 36, 37, 38, 39, 40, 42, 43, 46, 50, 53, 69, 73, 75, 76, 77, 80, 85, 86, 87, 97, 99, 157]"
KNN,SOM-b_7_n200_m60_caracteristicas,1,0.71,0.71,0.71,140.00,
KNN,SOM-b_7_n200_m60_caracteristicas,2,0.33,0.33,0.33,60.00,"[0, 1, 2, 4, 5, 6, 10, 11, 13, 14, 16, 17, 18, 19, 24, 26, 29, 30, 31, 32, 34, 35, 36, 37, 38, 39, 40, 42, 43, 44, 45, 46, 47, 48, 49, 50, 51, 63, 65, 66, 72, 74, 79, 81, 84, 88, 174, 175, 176, 177, 178, 179, 180, 181, 182, 186, 189, 190, 191, 192]"
KNN,SOM-b_8_n200_m80_caracteristicas,1,0.65,0.65,0.65,120.00,
KNN,SOM-b_8_n200_m80_caracteristicas,2,0.47,0.47,0.47,80.00,"[0, 2, 3, 4, 5, 6, 7, 9, 10, 11, 14, 15, 16, 17, 19, 20, 21, 22, 24, 25, 28, 30, 31, 33, 34, 37, 39, 40, 42, 44, 45, 46, 47, 49, 50, 54, 55, 59, 66, 67, 69, 70, 71, 72, 75, 80, 84, 87, 88, 90, 92, 96, 100, 104, 105, 128, 129, 130, 131, 132, 133, 134, 135, 156, 169, 173, 183, 186, 187, 189, 190, 191, 192, 193, 194, 195, 196, 197, 198, 199]"
KNN,SOM-b_9_n300_m30_caracteristicas,1,0.89,0.89,0.89,270.00,
KNN,SOM-b_9_n300_m30_caracteristicas,2,0.03,0.03,0.03,30.00,"[1, 2, 4, 9, 11, 12, 13, 19, 21, 25, 28, 35, 36, 38, 39, 40, 42, 43, 45, 47, 48, 49, 52, 67, 80, 86, 88, 89, 92, 97]"
DecisionTree,SOM-a_24_n100_m10_caracteristicas,1,0.89,0.89,0.89,90.00,
DecisionTree,SOM-a_24_n100_m10_caracteristicas,2,0.00,0.00,0.00,10.00,"[10, 11, 16, 25, 26, 27, 70, 76, 86, 88]"
DecisionTree,SOM-a_25_n100_m10_caracteristicas,1,0.90,0.90,0.90,90.00,
DecisionTree,SOM-a_25_n100_m10_caracteristicas,2,0.10,0.10,0.10,10.00,"[2, 9, 11, 24, 31, 45, 56, 59, 60, 64]"
DecisionTree,SOM-a_26_n100_m30_caracteristicas,1,0.71,0.71,0.71,70.00,
DecisionTree,SOM-a_26_n100_m30_caracteristicas,2,0.33,0.33,0.33,30.00,"[2, 3, 9, 10, 11, 12, 16, 18, 19, 20, 22, 30, 33, 36, 39, 40, 43, 44, 47, 48, 52, 65, 71, 75, 77, 79, 84, 86, 91, 94]"
DecisionTree,SOM-a_27_n100_m30_caracteristicas,1,0.71,0.71,0.71,70.00,
DecisionTree,SOM-a_27_n100_m30_caracteristicas,2,0.33,0.33,0.33,30.00,"[0, 4, 5, 9, 10, 13, 14, 19, 25, 29, 30, 32, 33, 36, 37, 38, 44, 45, 48, 51, 53, 54, 56, 69, 76, 79, 82, 84, 85, 88]"
DecisionTree,SOM-a_28_n100_m30_caracteristicas,1,0.71,0.71,0.71,70.00,
DecisionTree,SOM-a_28_n100_m30_caracteristicas,2,0.33,0.33,0.33,30.00,"[0, 1, 9, 13, 15, 16, 18, 26, 27, 29, 30, 34, 37, 38, 39, 41, 42, 44, 47, 56, 64, 70, 75, 76, 77, 83, 86, 87, 88, 89]"
DecisionTree,SOM-a_29_n100_m30_caracteristicas,1,0.77,0.77,0.77,70.00,
DecisionTree,SOM-a_29_n100_m30_caracteristicas,2,0.47,0.47,0.47,30.00,"[0, 2, 4, 8, 14, 24, 31, 33, 34, 36, 38, 40, 41, 43, 44, 45, 46, 47, 50, 52, 58, 61, 67, 68, 74, 81, 82, 83, 84, 92]"
DecisionTree,SOM-a_2_n25_m2_caracteristicas,1,0.91,0.91,0.91,23.00,
DecisionTree,SOM-a_2_n25_m2_caracteristicas,2,0.00,0.00,0.00,2.00,"[20, 24]"
DecisionTree,SOM-a_30_n100_m30_caracteristicas,1,0.71,0.71,0.71,70.00,
DecisionTree,SOM-a_30_n100_m30_caracteristicas,2,0.33,0.33,0.33,30.00,"[1, 2, 3, 4, 6, 10, 16, 19, 22, 23, 31, 32, 34, 38, 43, 44, 51, 52, 55, 80, 87, 88, 89, 91, 92, 93, 94, 95, 96, 97]"
DecisionTree,SOM-a_31_n125_m12_caracteristicas,1,0.92,0.92,0.92,113.00,
DecisionTree,SOM-a_31_n125_m12_caracteristicas,2,0.25,0.25,0.25,12.00,"[37, 38, 40, 41, 47, 52, 68, 72, 74, 81, 86, 92]"
DecisionTree,SOM-a_32_n125_m12_caracteristicas,1,0.91,0.91,0.91,113.00,
DecisionTree,SOM-a_32_n125_m12_caracteristicas,2,0.17,0.17,0.17,12.00,"[5, 6, 8, 16, 17, 29, 38, 39, 46, 47, 86, 97]"
DecisionTree,SOM-a_33_n125_m12_caracteristicas,1,0.90,0.90,0.90,113.00,
DecisionTree,SOM-a_33_n125_m12_caracteristicas,2,0.08,0.08,0.08,12.00,"[32, 41, 45, 47, 48, 50, 73, 77, 83, 86, 90, 93]"
DecisionTree,SOM-a_34_n125_m12_caracteristicas,1,0.91,0.91,0.91,113.00,
DecisionTree,SOM-a_34_n125_m12_caracteristicas,2,0.17,0.17,0.17,12.00,"[7, 26, 33, 37, 41, 46, 48, 74, 78, 84, 86, 90]"
DecisionTree,SOM-a_35_n125_m12_caracteristicas,1,0.91,0.91,0.91,113.00,
DecisionTree,SOM-a_35_n125_m12_caracteristicas,2,0.17,0.17,0.17,12.00,"[23, 37, 39, 41, 46, 48, 54, 65, 69, 76, 79, 98]"
DecisionTree,SOM-a_36_n125_m37_caracteristicas,1,0.76,0.76,0.76,88.00,
DecisionTree,SOM-a_36_n125_m37_caracteristicas,2,0.43,0.43,0.43,37.00,"[1, 2, 4, 6, 7, 8, 10, 14, 15, 16, 19, 20, 21, 22, 26, 27, 28, 31, 33, 35, 37, 38, 39, 40, 43, 46, 47, 48, 51, 55, 65, 71, 72, 82, 84, 89, 92]"
DecisionTree,SOM-a_37_n125_m37_caracteristicas,1,0.70,0.70,0.70,88.00,
DecisionTree,SOM-a_37_n125_m37_caracteristicas,2,0.30,0.30,0.30,37.00,"[2, 4, 6, 7, 8, 11, 15, 23, 24, 28, 30, 33, 36, 42, 44, 56, 62, 64, 66, 69, 74, 83, 85, 89, 95, 96, 97, 98, 99, 100, 101, 102, 119, 121, 122, 123, 124]"
DecisionTree,SOM-a_38_n125_m37_caracteristicas,1,0.74,0.74,0.74,88.00,
DecisionTree,SOM-a_38_n125_m37_caracteristicas,2,0.38,0.38,0.38,37.00,"[0, 3, 5, 7, 9, 10, 11, 12, 13, 15, 17, 20, 21, 23, 24, 30, 32, 39, 40, 41, 47, 51, 54, 56, 58, 62, 64, 68, 71, 78, 89, 93, 94, 98, 99, 100, 101]"
DecisionTree,SOM-a_39_n125_m37_caracteristicas,1,0.78,0.78,0.78,88.00,
DecisionTree,SOM-a_39_n125_m37_caracteristicas,2,0.49,0.49,0.49,37.00,"[0, 2, 4, 5, 7, 9, 11, 12, 14, 15, 17, 18, 20, 23, 24, 25, 28, 32, 36, 38, 40, 42, 45, 50, 51, 58, 60, 64, 66, 78, 79, 81, 87, 97, 98, 99, 100]"
DecisionTree,SOM-a_3_n25_m2_caracteristicas,1,0.91,0.91,0.91,23.00,
DecisionTree,SOM-a_3_n25_m2_caracteristicas,2,0.00,0.00,0.00,2.00,"[16, 20]"
DecisionTree,SOM-a_40_n125_m37_caracteristicas,1,0.72,0.72,0.72,88.00,
DecisionTree,SOM-a_40_n125_m37_caracteristicas,2,0.32,0.32,0.32,37.00,"[0, 9, 10, 12, 21, 23, 24, 26, 27, 29, 30, 31, 34, 36, 39, 41, 42, 47, 48, 51, 53, 56, 57, 60, 65, 66, 71, 76, 79, 92, 94, 95, 97, 98, 99, 100, 101]"
DecisionTree,SOM-a_41_n150_m15_caracteristicas,1,0.90,0.90,0.90,135.00,
DecisionTree,SOM-a_41_n150_m15_caracteristicas,2,0.13,0.13,0.13,15.00,"[2, 5, 7, 8, 12, 17, 21, 26, 28, 33, 39, 40, 41, 46, 82]"
DecisionTree,SOM-a_42_n150_m15_caracteristicas,1,0.89,0.89,0.89,135.00,
DecisionTree,SOM-a_42_n150_m15_caracteristicas,2,0.00,0.00,0.00,15.00,"[2, 4, 5, 13, 18, 22, 25, 29, 31, 34, 36, 42, 47, 54, 63]"
DecisionTree,SOM-a_43_n150_m15_caracteristicas,1,0.91,0.91,0.91,135.00,
DecisionTree,SOM-a_43_n150_m15_caracteristicas,2,0.20,0.20,0.20,15.00,"[2, 8, 13, 20, 24, 26, 31, 33, 35, 37, 41, 44, 46, 53, 55]"
DecisionTree,SOM-a_44_n150_m15_caracteristicas,1,0.90,0.90,0.90,135.00,
DecisionTree,SOM-a_44_n150_m15_caracteristicas,2,0.07,0.07,0.07,15.00,"[1, 2, 5, 7, 12, 29, 30, 34, 40, 41, 42, 49, 55, 56, 63]"
DecisionTree,SOM-a_45_n150_m15_caracteristicas,1,0.90,0.90,0.90,135.00,
DecisionTree,SOM-a_45_n150_m15_caracteristicas,2,0.07,0.07,0.07,15.00,"[3, 4, 5, 6, 8, 11, 13, 15, 20, 22, 24, 31, 34, 47, 56]"
DecisionTree,SOM-a_46_n150_m45_caracteristicas,1,0.78,0.78,0.78,105.00,
DecisionTree,SOM-a_46_n150_m45_caracteristicas,2,0.49,0.49,0.49,45.00,"[0, 1, 5, 14, 15, 17, 19, 20, 23, 24, 25, 26, 27, 28, 29, 30, 36, 38, 41, 43, 44, 46, 49, 50, 52, 53, 54, 66, 71, 74, 75, 84, 85, 86, 87, 90, 132, 133, 134, 144, 145, 146, 147, 148, 149]"
DecisionTree,SOM-a_47_n150_m45_caracteristicas,1,0.71,0.71,0.71,105.00,
DecisionTree,SOM-a_47_n150_m45_caracteristicas,2,0.33,0.33,0.33,45.00,"[0, 2, 3, 4, 5, 6, 13, 15, 18, 22, 24, 29, 32, 33, 36, 37, 40, 41, 58, 70, 71, 77, 83, 88, 90, 92, 96, 128, 129, 130, 131, 132, 133, 134, 139, 140, 141, 142, 143, 144, 145, 146, 147, 148, 149]"
DecisionTree,SOM-a_48_n150_m45_caracteristicas,1,0.73,0.73,0.73,105.00,
DecisionTree,SOM-a_48_n150_m45_caracteristicas,2,0.38,0.38,0.38,45.00,"[0, 2, 4, 5, 6, 8, 10, 15, 16, 22, 27, 29, 32, 33, 34, 38, 39, 42, 43, 44, 45, 53, 56, 85, 87, 128, 129, 130, 131, 132, 133, 134, 137, 138, 139, 140, 141, 142, 143, 144, 145, 146, 147, 148, 149]"
DecisionTree,SOM-a_49_n150_m45_caracteristicas,1,0.70,0.70,0.70,105.00,
DecisionTree,SOM-a_49_n150_m45_caracteristicas,2,0.31,0.31,0.31,45.00,"[0, 2, 3, 5, 6, 8, 9, 13, 14, 17, 20, 22, 26, 27, 31, 33, 41, 43, 47, 61, 63, 66, 70, 71, 72, 74, 83, 85, 86, 89, 91, 128, 129, 130, 131, 132, 133, 134, 143, 144, 145, 146, 147, 148, 149]"
DecisionTree,SOM-a_4_n25_m2_caracteristicas,1,0.91,0.91,0.91,23.00,
DecisionTree,SOM-a_4_n25_m2_caracteristicas,2,0.00,0.00,0.00,2.00,"[16, 24]"
DecisionTree,SOM-a_50_n150_m45_caracteristicas,1,0.69,0.69,0.69,105.00,
DecisionTree,SOM-a_50_n150_m45_caracteristicas,2,0.27,0.27,0.27,45.00,"[2, 4, 10, 12, 13, 16, 18, 21, 22, 23, 24, 25, 26, 27, 28, 34, 35, 37, 39, 40, 42, 49, 52, 60, 64, 66, 67, 79, 82, 84, 89, 91, 92, 93, 107, 131, 132, 133, 134, 144, 145, 146, 147, 148, 149]"
DecisionTree,SOM-a_5_n25_m2_caracteristicas,1,0.91,0.91,0.91,23.00,
DecisionTree,SOM-a_5_n25_m2_caracteristicas,2,0.00,0.00,0.00,2.00,"[5, 23]"
DecisionTree,SOM-a_6_n25_m7_caracteristicas,1,0.78,0.78,0.78,18.00,
DecisionTree,SOM-a_6_n25_m7_caracteristicas,2,0.43,0.43,0.43,7.00,"[2, 4, 11, 16, 20, 23, 24]"
DecisionTree,SOM-a_7_n25_m7_caracteristicas,1,0.72,0.72,0.72,18.00,
DecisionTree,SOM-a_7_n25_m7_caracteristicas,2,0.29,0.29,0.29,7.00,"[6, 16, 18, 19, 22, 23, 24]"
DecisionTree,SOM-a_8_n25_m7_caracteristicas,1,0.61,0.61,0.61,18.00,
DecisionTree,SOM-a_8_n25_m7_caracteristicas,2,0.00,0.00,0.00,7.00,"[1, 5, 6, 16, 18, 20, 22]"
DecisionTree,SOM-a_9_n25_m7_caracteristicas,1,0.72,0.72,0.72,18.00,
DecisionTree,SOM-a_9_n25_m7_caracteristicas,2,0.29,0.29,0.29,7.00,"[5, 6, 7, 9, 10, 14, 16]"
DecisionTree,SOM-b_10_n300_m60_caracteristicas,1,0.81,0.81,0.81,240.00,
DecisionTree,SOM-b_10_n300_m60_caracteristicas,2,0.23,0.23,0.23,60.00,"[2, 3, 4, 5, 10, 11, 12, 15, 16, 17, 18, 21, 23, 24, 32, 33, 34, 35, 36, 37, 38, 39, 40, 41, 42, 43, 44, 45, 46, 47, 48, 49, 50, 51, 52, 55, 66, 72, 80, 86, 88, 94, 97, 197, 241, 242, 243, 244, 245, 246, 247, 248, 249, 250, 251, 252, 253, 254, 255, 289]"
DecisionTree,SOM-b_11_n300_m90_caracteristicas,1,0.70,0.70,0.70,210.00,
DecisionTree,SOM-b_11_n300_m90_caracteristicas,2,0.29,0.29,0.29,90.00,"[1, 4, 5, 6, 7, 12, 13, 15, 28, 30, 32, 33, 34, 35, 36, 37, 38, 39, 40, 41, 42, 43, 44, 45, 46, 47, 48, 49, 50, 51, 52, 53, 54, 55, 57, 58, 59, 60, 72, 79, 81, 82, 86, 210, 211, 212, 213, 214, 215, 216, 217, 218, 219, 220, 221, 222, 223, 224, 225, 226, 227, 228, 229, 230, 231, 232, 233, 234, 235, 236, 237, 238, 239, 240, 241, 242, 243, 244, 245, 246, 247, 248, 249, 250, 251, 252, 253, 254, 255, 299]"
DecisionTree,SOM-b_12_n300_m120_caracteristicas,1,0.63,0.63,0.63,180.00,
DecisionTree,SOM-b_12_n300_m120_caracteristicas,2,0.44,0.44,0.44,120.00,"[0, 3, 4, 5, 7, 10, 13, 14, 15, 18, 20, 21, 25, 26, 28, 32, 33, 34, 35, 36, 37, 38, 39, 40, 41, 42, 43, 44, 45, 46, 47, 48, 49, 50, 51, 52, 53, 61, 62, 75, 79, 83, 86, 90, 162, 181, 182, 183, 184, 185, 186, 187, 188, 189, 190, 191, 192, 193, 194, 195, 196, 197, 198, 199, 200, 201, 202, 203, 204, 205, 206, 207, 208, 209, 210, 211, 212, 213, 214, 215, 216, 217, 218, 219, 220, 221, 222, 223, 224, 225, 226, 227, 228, 229, 230, 231, 232, 233, 234, 235, 236, 237, 238, 239, 240, 241, 242, 243, 244, 245, 246, 247, 248, 249, 250, 251, 252, 253, 254, 255]"
DecisionTree,SOM-b_13_n400_m40_caracteristicas,1,0.91,0.91,0.91,360.00,
DecisionTree,SOM-b_13_n400_m40_caracteristicas,2,0.17,0.17,0.17,40.00,"[0, 1, 3, 4, 5, 6, 8, 11, 12, 13, 18, 20, 21, 22, 24, 27, 30, 32, 33, 37, 38, 39, 42, 43, 46, 47, 48, 49, 50, 51, 52, 53, 54, 55, 67, 68, 70, 84, 92, 395]"
DecisionTree,SOM-b_14_n400_m80_caracteristicas,1,0.83,0.83,0.83,320.00,
DecisionTree,SOM-b_14_n400_m80_caracteristicas,2,0.33,0.33,0.33,80.00,"[0, 2, 3, 4, 7, 8, 10, 12, 14, 17, 19, 22, 23, 25, 27, 28, 32, 33, 34, 35, 36, 37, 38, 39, 40, 41, 42, 43, 44, 45, 46, 47, 48, 49, 50, 51, 52, 53, 54, 55, 57, 58, 77, 85, 87, 89, 320, 321, 322, 323, 324, 325, 326, 327, 328, 329, 330, 331, 332, 333, 334, 335, 336, 337, 338, 339, 340, 341, 342, 343, 344, 345, 346, 347, 348, 349, 350, 351, 395, 398]"
DecisionTree,SOM-b_15_n400_m120_caracteristicas,1,0.68,0.68,0.68,280.00,
DecisionTree,SOM-b_15_n400_m120_caracteristicas,2,0.26,0.26,0.26,120.00,"[0, 1, 4, 5, 6, 9, 10, 11, 12, 13, 14, 15, 17, 18, 22, 23, 24, 28, 33, 34, 35, 36, 37, 38, 39, 40, 41, 42, 43, 44, 45, 46, 47, 48, 49, 50, 51, 52, 53, 59, 64, 70, 74, 79, 82, 90, 280, 281, 282, 283, 284, 285, 286, 287, 288, 289, 290, 291, 292, 293, 294, 295, 296, 297, 298, 299, 300, 301, 302, 303, 304, 305, 306, 307, 308, 309, 310, 311, 312, 313, 314, 315, 316, 317, 318, 319, 320, 321, 322, 323, 324, 325, 326, 327, 328, 329, 330, 331, 332, 333, 334, 335, 336, 337, 338, 339, 340, 341, 342, 343, 344, 345, 346, 347, 348, 349, 350, 351, 392, 398]"
DecisionTree,SOM-b_16_n400_m160_caracteristicas,1,0.63,0.63,0.63,240.00,
DecisionTree,SOM-b_16_n400_m160_caracteristicas,2,0.45,0.45,0.45,160.00,"[0, 2, 4, 6, 7, 9, 10, 11, 17, 18, 19, 21, 23, 24, 25, 27, 28, 31, 33, 34, 35, 36, 37, 38, 39, 40, 41, 42, 43, 44, 45, 46, 47, 48, 49, 50, 51, 52, 53, 54, 68, 72, 82, 84, 86, 88, 90, 240, 241, 242, 243, 244, 245, 246, 247, 248, 249, 250, 251, 252, 253, 254, 255, 256, 257, 258, 259, 260, 261, 262, 263, 264, 265, 266, 267, 268, 269, 270, 271, 272, 273, 274, 275, 276, 277, 278, 279, 280, 281, 282, 283, 284, 285, 286, 287, 288, 289, 290, 291, 292, 293, 294, 295, 296, 297, 298, 299, 300, 301, 302, 303, 304, 305, 306, 307, 308, 309, 310, 311, 312, 313, 314, 315, 316, 317, 318, 319, 320, 321, 322, 323, 324, 325, 326, 327, 328, 329, 330, 331, 332, 333, 334, 335, 336, 337, 338, 339, 340, 341, 342, 343, 344, 345, 346, 347, 348, 349, 350, 351, 398]"
DecisionTree,SOM-b_17_n500_m50_caracteristicas,1,0.90,0.90,0.90,450.00,
DecisionTree,SOM-b_17_n500_m50_caracteristicas,2,0.12,0.12,0.12,50.00,"[0, 1, 5, 6, 8, 13, 14, 18, 22, 23, 24, 28, 29, 30, 31, 34, 35, 36, 37, 38, 39, 40, 41, 42, 43, 44, 45, 46, 47, 48, 49, 50, 51, 52, 53, 54, 55, 56, 57, 64, 68, 76, 82, 83, 85, 86, 88, 91, 97, 491]"
DecisionTree,SOM-b_18_n500_m100_caracteristicas,1,0.80,0.80,0.80,400.00,
DecisionTree,SOM-b_18_n500_m100_caracteristicas,2,0.21,0.21,0.21,100.00,"[2, 3, 4, 5, 6, 8, 9, 10, 12, 13, 15, 18, 22, 25, 28, 29, 30, 32, 33, 34, 35, 36, 37, 38, 39, 40, 41, 42, 43, 44, 45, 46, 47, 48, 49, 50, 51, 54, 58, 68, 70, 72, 79, 80, 81, 82, 83, 85, 86, 87, 90, 400, 401, 402, 403, 404, 405, 406, 407, 408, 409, 410, 411, 412, 413, 414, 415, 416, 417, 418, 419, 420, 421, 422, 423, 424, 425, 426, 427, 428, 429, 430, 431, 432, 433, 434, 435, 436, 437, 438, 439, 440, 441, 442, 443, 444, 445, 446, 447, 494]"
DecisionTree,SOM-b_19_n500_m150_caracteristicas,1,0.70,0.70,0.70,350.00,
DecisionTree,SOM-b_19_n500_m150_caracteristicas,2,0.29,0.29,0.29,150.00,"[0, 1, 2, 3, 4, 6, 9, 11, 12, 13, 15, 17, 21, 22, 24, 25, 32, 33, 34, 35, 36, 37, 38, 39, 40, 41, 42, 43, 44, 45, 46, 47, 48, 49, 50, 51, 52, 53, 54, 55, 57, 60, 67, 68, 77, 82, 85, 90, 91, 92, 350, 351, 352, 353, 354, 355, 356, 357, 358, 359, 360, 361, 362, 363, 364, 365, 366, 367, 368, 369, 370, 371, 372, 373, 374, 375, 376, 377, 378, 379, 380, 381, 382, 383, 384, 385, 386, 387, 388, 389, 390, 391, 392, 393, 394, 395, 396, 397, 398, 399, 400, 401, 402, 403, 404, 405, 406, 407, 408, 409, 410, 411, 412, 413, 414, 415, 416, 417, 418, 419, 420, 421, 422, 423, 424, 425, 426, 427, 428, 429, 430, 431, 432, 433, 434, 435, 436, 437, 438, 439, 440, 441, 442, 443, 444, 445, 446, 447, 491, 494]"
DecisionTree,SOM-b_1_n100_m10_caracteristicas,1,0.89,0.89,0.89,90.00,
DecisionTree,SOM-b_1_n100_m10_caracteristicas,2,0.00,0.00,0.00,10.00,"[11, 12, 18, 22, 24, 70, 71, 76, 84, 86]"
DecisionTree,SOM-b_20_n500_m200_caracteristicas,1,0.61,0.61,0.61,300.00,
DecisionTree,SOM-b_20_n500_m200_caracteristicas,2,0.41,0.41,0.41,200.00,"[1, 2, 3, 5, 7, 11, 13, 14, 17, 21, 22, 23, 24, 25, 28, 29, 33, 34, 35, 36, 37, 38, 39, 40, 41, 42, 43, 44, 45, 46, 47, 48, 49, 50, 51, 52, 53, 54, 55, 57, 58, 59, 60, 67, 86, 91, 92, 93, 94, 96, 300, 301, 302, 303, 304, 305, 306, 307, 308, 309, 310, 311, 312, 313, 314, 315, 316, 317, 318, 319, 320, 321, 322, 323, 324, 325, 326, 327, 328, 329, 330, 331, 332, 333, 334, 335, 336, 337, 338, 339, 340, 341, 342, 343, 344, 345, 346, 347, 348, 349, 350, 351, 352, 353, 354, 355, 356, 357, 358, 359, 360, 361, 362, 363, 364, 365, 366, 367, 368, 369, 370, 371, 372, 373, 374, 375, 376, 377, 378, 379, 380, 381, 382, 383, 384, 385, 386, 387, 388, 389, 390, 391, 392, 393, 394, 395, 396, 397, 398, 399, 400, 401, 402, 403, 404, 405, 406, 407, 408, 409, 410, 411, 412, 413, 414, 415, 416, 417, 418, 419, 420, 421, 422, 423, 424, 425, 426, 427, 428, 429, 430, 431, 432, 433, 434, 435, 436, 437, 438, 439, 440, 441, 442, 443, 444, 445, 446, 447, 491, 494]"
DecisionTree,SOM-b_2_n100_m20_caracteristicas,1,0.82,0.82,0.82,80.00,
DecisionTree,SOM-b_2_n100_m20_caracteristicas,2,0.30,0.30,0.30,20.00,"[0, 3, 6, 7, 8, 13, 14, 21, 22, 28, 29, 31, 35, 39, 43, 47, 53, 56, 77, 85]"
DecisionTree,SOM-b_3_n100_m30_caracteristicas,1,0.71,0.71,0.71,70.00,
DecisionTree,SOM-b_3_n100_m30_caracteristicas,2,0.33,0.33,0.33,30.00,"[0, 1, 2, 6, 7, 9, 10, 15, 17, 18, 23, 26, 30, 31, 34, 35, 37, 38, 42, 45, 47, 55, 58, 66, 77, 82, 87, 88, 95, 97]"
DecisionTree,SOM-b_4_n100_m40_caracteristicas,1,0.77,0.77,0.77,60.00,
DecisionTree,SOM-b_4_n100_m40_caracteristicas,2,0.65,0.65,0.65,40.00,"[0, 3, 4, 6, 8, 12, 13, 15, 19, 25, 26, 28, 30, 38, 39, 44, 56, 60, 63, 64, 65, 66, 67, 68, 69, 71, 76, 84, 85, 86, 87, 88, 89, 90, 91, 93, 96, 97, 98, 99]"
DecisionTree,SOM-b_5_n200_m20_caracteristicas,1,0.91,0.91,0.91,180.00,
DecisionTree,SOM-b_5_n200_m20_caracteristicas,2,0.15,0.15,0.15,20.00,"[0, 2, 3, 9, 12, 16, 33, 37, 39, 41, 43, 51, 55, 64, 66, 80, 81, 83, 85, 88]"
DecisionTree,SOM-b_6_n200_m40_caracteristicas,1,0.80,0.80,0.80,160.00,
DecisionTree,SOM-b_6_n200_m40_caracteristicas,2,0.20,0.20,0.20,40.00,"[0, 2, 7, 9, 10, 17, 19, 20, 24, 25, 26, 27, 28, 29, 30, 31, 32, 33, 34, 38, 39, 40, 43, 44, 46, 50, 52, 58, 59, 63, 69, 73, 77, 80, 83, 85, 86, 87, 96, 97]"
DecisionTree,SOM-b_7_n200_m60_caracteristicas,1,0.71,0.71,0.71,140.00,
DecisionTree,SOM-b_7_n200_m60_caracteristicas,2,0.33,0.33,0.33,60.00,"[2, 3, 4, 5, 6, 10, 12, 14, 16, 17, 19, 22, 26, 27, 29, 30, 31, 35, 36, 38, 40, 43, 44, 46, 50, 66, 79, 81, 82, 83, 84, 88, 160, 161, 162, 163, 164, 165, 166, 167, 172, 173, 174, 175, 176, 177, 178, 179, 180, 181, 182, 183, 184, 185, 186, 187, 188, 189, 190, 191]"
DecisionTree,SOM-b_8_n200_m80_caracteristicas,1,0.60,0.60,0.60,120.00,
DecisionTree,SOM-b_8_n200_m80_caracteristicas,2,0.40,0.40,0.40,80.00,"[0, 2, 3, 4, 5, 6, 7, 10, 11, 13, 14, 15, 19, 20, 21, 22, 25, 30, 34, 39, 42, 46, 47, 50, 59, 66, 67, 72, 75, 79, 84, 87, 90, 96, 128, 129, 130, 131, 132, 133, 134, 135, 162, 163, 164, 165, 166, 167, 168, 169, 170, 171, 172, 173, 174, 175, 176, 177, 178, 179, 180, 181, 182, 183, 184, 185, 186, 187, 188, 189, 190, 191, 192, 193, 194, 195, 196, 197, 198, 199]"
DecisionTree,SOM-b_9_n300_m30_caracteristicas,1,0.90,0.90,0.90,270.00,
DecisionTree,SOM-b_9_n300_m30_caracteristicas,2,0.07,0.07,0.07,30.00,"[1, 2, 4, 5, 6, 8, 9, 11, 13, 15, 16, 19, 21, 25, 27, 29, 30, 35, 37, 39, 40, 47, 51, 67, 85, 86, 88, 89, 92, 95]"
